d,n,omega,seed,row_index,predicted_step_size,observed_step_size,abs_r_l,beta_l,err_step
4,48,1.0,0,28,0.2527909028377175,0.2527909028377175,1.2889463002980657,25.99840869661291,0.0
4,48,1.0,0,11,0.10633464769810434,0.10633464769810431,0.5249674608218116,24.373347333738003,2.7755575615628914e-17
4,48,1.0,0,13,0.2506310343458974,0.2506310343458974,1.0823700451293294,18.650128833698872,0.0
4,48,1.0,0,23,0.0075597167325647495,0.007559716732564769,0.047512532014415854,39.50074670873785,1.9081958235744878e-17
4,48,1.0,0,22,0.08189332895550105,0.08189332895550104,0.5678850127553416,48.08656594293642,1.3877787807814457e-17
4,48,1.0,0,28,0.2527909028377175,0.2527909028377175,1.2889463002980657,25.99840869661291,0.0
4,48,1.0,0,32,0.3175215435350675,0.3175215435350675,1.950673391415704,37.74181014603527,0.0
4,48,1.0,0,5,0.139636209921967,0.13963620992196704,0.896888321858575,41.255383971176585,2.7755575615628914e-17
4,48,1.0,0,42,0.24232167092381685,0.24232167092381682,0.932658708414801,14.81361281779498,2.7755575615628914e-17
4,48,1.0,0,11,0.10633464769810434,0.10633464769810431,0.5249674608218116,24.373347333738003,2.7755575615628914e-17
4,48,1.0,0,27,0.1759083555602418,0.17590835556024187,0.8947360444276531,25.871221189650047,5.551115123125783e-17
4,48,1.0,0,35,0.15941811837427886,0.15941811837427888,0.9854737854792597,38.213322068457586,2.7755575615628914e-17
4,48,1.0,0,35,0.15941811837427886,0.15941811837427888,0.9854737854792597,38.213322068457586,2.7755575615628914e-17
4,48,1.0,0,33,0.022563276688852926,0.022563276688852933,0.1382862841551873,37.562446934645024,6.938893903907228e-18
4,48,1.0,0,35,0.15941811837427886,0.15941811837427888,0.9854737854792597,38.213322068457586,2.7755575615628914e-17
4,48,1.0,0,33,0.022563276688852926,0.022563276688852933,0.1382862841551873,37.562446934645024,6.938893903907228e-18
4,48,1.0,0,5,0.139636209921967,0.13963620992196704,0.896888321858575,41.255383971176585,2.7755575615628914e-17
4,48,1.0,0,16,0.007277953897672277,0.007277953897672251,0.03914809016902021,28.933605750916698,2.6020852139652106e-17
4,48,1.0,0,11,0.10633464769810434,0.10633464769810431,0.5249674608218116,24.373347333738003,2.7755575615628914e-17
4,48,1.0,0,46,0.15622788718068603,0.15622788718068603,0.9248508088299818,35.04501438379775,0.0
4,48,1.0,1,47,0.2688716726352582,0.26887167263525824,1.7283593851171233,41.321683472012175,5.551115123125783e-17
4,48,1.0,1,42,0.029824474797616962,0.02982447479761691,0.17809081066958665,35.656393381727234,5.204170427930421e-17
4,48,1.0,1,40,0.057595276850146246,0.05759527685014627,0.3206070474695375,30.98649033020376,2.0816681711721685e-17
4,48,1.0,1,29,0.13290583250237098,0.132905832502371,0.7852902365951424,34.91180600267905,2.7755575615628914e-17
4,48,1.0,1,45,0.18703448862649577,0.18703448862649574,0.9470198078497445,25.637444452883855,2.7755575615628914e-17
4,48,1.0,1,35,0.22165789000866196,0.22165789000866193,1.1626015722205465,27.51030607089526,2.7755575615628914e-17
4,48,1.0,1,41,0.14058120202375268,0.14058120202375265,0.880541632823403,39.23243686259415,2.7755575615628914e-17
4,48,1.0,1,28,0.03627212709799614,0.036272127097996154,0.17175170811943996,22.42105689606096,1.3877787807814457e-17
4,48,1.0,1,18,0.00133253908043288,0.001332539080432868,0.007713996955997615,33.511897324296726,1.1926223897340549e-17
4,48,1.0,1,12,0.23265312691405865,0.2326531269140587,1.1516279412349704,24.502285663365683,5.551115123125783e-17
4,48,1.0,1,26,0.029867714097807162,0.029867714097807144,0.17225665381553412,33.26197571304751,1.734723475976807e-17
4,48,1.0,1,44,0.1433972908928827,0.1433972908928827,0.758338262516443,27.966881691351126,0.0
4,48,1.0,1,25,0.04809862145948631,0.048098621459486325,0.25678736467419183,28.502440113188715,1.3877787807814457e-17
4,48,1.0,1,19,0.3613556317975546,0.3613556317975546,1.6578621184374334,21.04879124906551,0.0
4,48,1.0,1,42,0.029824474797616962,0.02982447479761691,0.17809081066958665,35.656393381727234,5.204170427930421e-17
4,48,1.0,1,4,0.09528974598965168,0.09528974598965168,0.47911489058727286,25.28057797811712,0.0
4,48,1.0,1,34,0.22122781223750054,0.22122781223750054,1.134534217474453,26.299999990927816,0.0
4,48,1.0,1,37,0.24290421023256878,0.24290421023256875,1.4435362024761793,35.31711952568732,2.7755575615628914e-17
4,48,1.0,1,14,0.1653806190240303,0.1653806190240303,0.950114639800143,33.00523228275463,0.0
4,48,1.0,1,37,0.24290421023256878,0.24290421023256875,1.4435362024761793,35.31711952568732,2.7755575615628914e-17
4,48,1.0,2,40,0.1611517872331875,0.16115178723318752,0.744658706999116,21.352281731178564,2.7755575615628914e-17
4,48,1.0,2,13,0.1937911712087872,0.19379117120878722,1.1838040371391196,37.31570563782485,2.7755575615628914e-17
4,48,1.0,2,0,0.2791694990142594,0.2791694990142594,1.3082068433548018,21.95921945064256,0.0
4,48,1.0,2,43,0.048709209788068274,0.04870920978806825,0.23112001379984348,22.5140144990163,2.0816681711721685e-17
4,48,1.0,2,38,0.20528919656610803,0.20528919656610808,1.2729061558218542,38.44683407876872,5.551115123125783e-17
4,48,1.0,2,28,0.06350851383737055,0.06350851383737054,0.37354244140093273,34.595212770084785,1.3877787807814457e-17
4,48,1.0,2,5,0.09266926029966512,0.09266926029966512,0.4743081005836163,26.196887253268148,0.0
4,48,1.0,2,18,0.06428790688710342,0.0642879068871034,0.292454425554717,20.69463749309968,2.7755575615628914e-17
4,48,1.0,2,0,0.2791694990142594,0.2791694990142594,1.3082068433548018,21.95921945064256,0.0
4,48,1.0,2,44,0.2804177210292898,0.2804177210292898,1.344046230858931,22.972988951260355,0.0
4,48,1.0,2,23,0.0059942904560799206,0.005994290456079934,0.03424480005688402,32.63726093038845,1.3010426069826053e-17
4,48,1.0,2,27,0.24490819765712432,0.24490819765712435,1.2702899797225227,26.902900174845755,2.7755575615628914e-17
4,48,1.0,2,27,0.24490819765712432,0.24490819765712435,1.2702899797225227,26.902900174845755,2.7755575615628914e-17
4,48,1.0,2,24,0.12360713901279628,0.12360713901279623,0.6502447436140257,27.673659400196605,5.551115123125783e-17
4,48,1.0,2,13,0.1937911712087872,0.19379117120878722,1.1838040371391196,37.31570563782485,2.7755575615628914e-17
4,48,1.0,2,9,0.09321898587715668,0.09321898587715668,0.5501507757530377,34.83009920489312,0.0
4,48,1.0,2,21,0.13527996230427577,0.1352799623042758,0.6311180099821332,21.764775916817943,2.7755575615628914e-17
4,48,1.0,2,30,0.19956427238295027,0.19956427238295024,0.9728952200768615,23.76657244379558,2.7755575615628914e-17
4,48,1.0,2,17,0.08726147839106996,0.08726147839106992,0.5129595269907821,34.55580919161823,4.163336342344337e-17
4,48,1.0,2,10,0.1780577464735692,0.17805774647356917,0.8812717822475036,24.496158525723555,2.7755575615628914e-17
4,48,1.0,3,13,0.045859513787687704,0.04585951378768772,0.25400439152042464,30.677753864226375,1.3877787807814457e-17
4,48,1.0,3,44,0.05343870808782455,0.05343870808782458,0.35400744318373745,43.88467498016627,3.469446951953614e-17
4,48,1.0,3,42,0.16294893555317824,0.16294893555317824,0.9119392180167143,31.320503158005167,0.0
4,48,1.0,3,14,0.04695373304033363,0.04695373304033362,0.23237687538760032,24.49320191334347,6.938893903907228e-18
4,48,1.0,3,37,0.05668105283319177,0.05668105283319179,0.3760954475464313,44.02712594402071,2.0816681711721685e-17
4,48,1.0,3,34,0.24756075197512753,0.24756075197512759,1.322102455323252,28.521124021963907,5.551115123125783e-17
4,48,1.0,3,33,0.03176730027951905,0.03176730027951906,0.15684254659012864,24.376264514373776,6.938893903907228e-18
4,48,1.0,3,30,0.06159366745934691,0.0615936674593469,0.32610249843795946,28.030840771173303,1.3877787807814457e-17
4,48,1.0,3,31,0.08605845668061196,0.08605845668061196,0.511721369735409,35.35737384682084,0.0
4,48,1.0,3,19,0.0666700514521672,0.0666700514521672,0.391609527338066,34.502051377701534,0.0
4,48,1.0,3,45,0.09981048316391697,0.09981048316391698,0.5581798534826232,31.2749049752598,1.3877787807814457e-17
4,48,1.0,3,2,0.02271053826046133,0.022710538260461294,0.12355356356420355,29.597545500291925,3.469446951953614e-17
4,48,1.0,3,29,0.18092136175045082,0.18092136175045084,1.07734577214072,35.459330175057644,2.7755575615628914e-17
4,48,1.0,3,9,0.1048211089998961,0.10482110899989612,0.6867760788401807,42.92722544323042,1.3877787807814457e-17
4,48,1.0,3,26,0.3395165891741392,0.3395165891741392,2.472809715600016,53.046825361860485,0.0
4,48,1.0,3,17,0.10299560966622025,0.10299560966622025,0.5611347731681624,29.682258269461162,0.0
4,48,1.0,3,19,0.0666700514521672,0.0666700514521672,0.391609527338066,34.502051377701534,0.0
4,48,1.0,3,24,0.16831742533869715,0.16831742533869717,1.0648980030773094,40.02744473395308,2.7755575615628914e-17
4,48,1.0,3,42,0.16294893555317824,0.16294893555317824,0.9119392180167143,31.320503158005167,0.0
4,48,1.0,3,7,0.3247591842084365,0.3247591842084365,1.690239809707127,27.087802170653244,0.0
4,48,1.0,4,39,0.012559536231620809,0.012559536231620783,0.07491555323238197,35.579248915968755,2.6020852139652106e-17
4,48,1.0,4,7,0.13742014845775075,0.1374201484577508,0.7328214721688071,28.437770509696765,5.551115123125783e-17
4,48,1.0,4,33,0.12027903660173402,0.120279036601734,0.7309402747997327,36.93039072891164,1.3877787807814457e-17
4,48,1.0,4,17,0.16720196936627466,0.16720196936627466,0.8897822451062545,28.31944215074984,0.0
4,48,1.0,4,35,0.019231515010932555,0.019231515010932593,0.10426175776181612,29.391590522420415,3.8163916471489756e-17
4,48,1.0,4,10,0.3181832766398069,0.3181832766398069,1.8294071831410224,33.057199614305134,0.0
4,48,1.0,4,40,0.13712408043062893,0.13712408043062893,0.7850980196738022,32.78085731635762,0.0
4,48,1.0,4,38,0.040572402367235895,0.04057240236723589,0.21322525773647705,27.61950229983116,6.938893903907228e-18
4,48,1.0,4,16,0.10006386257884807,0.10006386257884808,0.6360881219777283,40.40918072171745,1.3877787807814457e-17
4,48,1.0,4,42,0.29973418338466634,0.29973418338466634,1.4469205533767413,23.30326754036703,0.0
4,48,1.0,4,44,0.12698141037623528,0.1269814103762353,0.7102043123691208,31.281409755455954,2.7755575615628914e-17
4,48,1.0,4,7,0.13742014845775075,0.1374201484577508,0.7328214721688071,28.437770509696765,5.551115123125783e-17
4,48,1.0,4,3,0.16744479986455507,0.1674447998645551,0.8762757239413896,27.386607094731005,2.7755575615628914e-17
4,48,1.0,4,31,0.012520878707616482,0.012520878707616492,0.0581896470125165,21.59841235735868,1.0408340855860843e-17
4,48,1.0,4,18,0.016686603564596485,0.016686603564596485,0.08554995776933705,26.28474103215653,0.0
4,48,1.0,4,22,0.0036414905459757766,0.003641490545975753,0.019048453405781096,27.36283340431425,2.3418766925686896e-17
4,48,1.0,4,16,0.10006386257884807,0.10006386257884808,0.6360881219777283,40.40918072171745,1.3877787807814457e-17
4,48,1.0,4,13,0.18299316731852258,0.18299316731852258,0.9118421596961084,24.82959228184035,0.0
4,48,1.0,4,12,0.04627158442592431,0.046271584425924314,0.3118620226268236,45.42513648420272,6.938893903907228e-18
4,48,1.0,4,3,0.16744479986455507,0.1674447998645551,0.8762757239413896,27.386607094731005,2.7755575615628914e-17
4,48,1.0,5,0,0.002783817638317371,0.0027838176383173877,0.015723279375195798,31.90102943944687,1.691355389077387e-17
4,48,1.0,5,47,0.10307719003569882,0.1030771900356988,0.4302029622048673,17.418937111584583,1.3877787807814457e-17
4,48,1.0,5,20,0.0902454667743233,0.09024546677432335,0.4933110269868779,29.880706076584673,5.551115123125783e-17
4,48,1.0,5,45,0.09849218086506173,0.09849218086506177,0.6029592126860441,37.47765098871419,4.163336342344337e-17
4,48,1.0,5,46,0.14589810407915405,0.14589810407915407,0.9368521875149285,41.23280248728496,2.7755575615628914e-17
4,48,1.0,5,12,0.0205167817540254,0.020516781754025378,0.12322346900324543,36.071847354495226,2.0816681711721685e-17
4,48,1.0,5,24,0.22091587916412533,0.22091587916412542,1.5687312961675417,50.42469203898187,8.326672684688674e-17
4,48,1.0,5,22,0.14077211178307045,0.14077211178307045,0.7341083711612284,27.194877162064238,0.0
4,48,1.0,5,14,0.0729602540736882,0.07296025407368815,0.4005635662413658,30.141871534629203,4.163336342344337e-17
4,48,1.0,5,11,0.32297124129954546,0.3229712412995454,1.762637286667177,29.785040878314483,5.551115123125783e-17
4,48,1.0,5,38,0.09830949131765976,0.09830949131765981,0.5502921316111724,31.33254760992137,5.551115123125783e-17
4,48,1.0,5,31,0.15377968005148182,0.1537796800514818,0.9484143974161219,38.036309305292775,2.7755575615628914e-17
4,48,1.0,5,3,0.12036844748714959,0.12036844748714957,0.6444873215560158,28.668398883506132,1.3877787807814457e-17
4,48,1.0,5,35,0.28416242307553635,0.28416242307553635,1.226926307001612,18.642478981578876,0.0
4,48,1.0,5,32,0.007261988725082378,0.007261988725082393,0.04009993978537052,30.4913252339582,1.474514954580286e-17
4,48,1.0,5,36,0.1549879846921113,0.15498798469211128,0.8140701504138157,27.588468921367486,2.7755575615628914e-17
4,48,1.0,5,35,0.28416242307553635,0.28416242307553635,1.226926307001612,18.642478981578876,0.0
4,48,1.0,5,30,0.02177089558506121,0.021770895585061234,0.12429945860723235,32.597619367039194,2.42861286636753e-17
4,48,1.0,5,47,0.10307719003569882,0.1030771900356988,0.4302029622048673,17.418937111584583,1.3877787807814457e-17
4,48,1.0,5,36,0.1549879846921113,0.15498798469211128,0.8140701504138157,27.588468921367486,2.7755575615628914e-17
4,80,1.0,0,42,0.04539381906470589,0.04539381906470588,0.22731348930675654,25.075925594117102,6.938893903907228e-18
4,80,1.0,0,56,0.06933528531773785,0.06933528531773785,0.42725858617631385,37.97283166434026,0.0
4,80,1.0,0,78,0.04431094268242666,0.04431094268242668,0.26462980374526035,35.666092418448386,1.3877787807814457e-17
4,80,1.0,0,64,0.15293916297341095,0.152939162973411,1.1435100677328784,55.90395930964584,5.551115123125783e-17
4,80,1.0,0,74,0.006905478294688298,0.006905478294688322,0.033879555895296454,24.070653908669055,2.42861286636753e-17
4,80,1.0,0,68,0.02634185007847027,0.02634185007847026,0.12768103582357693,23.49417758758632,6.938893903907228e-18
4,80,1.0,0,33,0.11626181241457653,0.11626181241457653,0.6519067622852668,31.441032117731275,0.0
4,80,1.0,0,77,0.060046950791877676,0.060046950791877655,0.35257771853137587,34.47686823693258,2.0816681711721685e-17
4,80,1.0,0,57,0.05050001067102544,0.05050001067102545,0.2614782811577725,26.8094746094214,6.938893903907228e-18
4,80,1.0,0,31,0.0984808254341592,0.0984808254341592,0.5299932529803737,28.962585020992034,0.0
4,80,1.0,0,72,0.08795886598529601,0.08795886598529602,0.5453368962150749,38.43886193232969,1.3877787807814457e-17
4,80,1.0,0,64,0.15293916297341095,0.152939162973411,1.1435100677328784,55.90395930964584,5.551115123125783e-17
4,80,1.0,0,48,0.17198848074801734,0.17198848074801734,1.0723562571103407,38.875810815808066,0.0
4,80,1.0,0,46,0.2102177377972348,0.21021773779723477,1.251577113775777,35.44675713609836,2.7755575615628914e-17
4,80,1.0,0,68,0.02634185007847027,0.02634185007847026,0.12768103582357693,23.49417758758632,6.938893903907228e-18
4,80,1.0,0,68,0.02634185007847027,0.02634185007847026,0.12768103582357693,23.49417758758632,6.938893903907228e-18
4,80,1.0,0,52,0.23866333727741132,0.2386633372774114,1.2050305604907683,25.49322058822056,8.326672684688674e-17
4,80,1.0,0,23,0.0076885057656032405,0.0076885057656032214,0.03568227406939872,21.538782984430934,1.9081958235744878e-17
4,80,1.0,0,18,0.024054861191002072,0.02405486119100207,0.12692032195621472,27.839191594615645,3.469446951953614e-18
4,80,1.0,0,2,0.07622393297260865,0.0762239329726087,0.4528659933663248,35.29853755000214,4.163336342344337e-17
4,80,1.0,1,55,0.15645505599876705,0.15645505599876705,0.7917635153005382,25.61012900865274,0.0
4,80,1.0,1,74,0.021929711048810092,0.021929711048810092,0.11854671122140514,29.22221969340069,0.0
4,80,1.0,1,32,0.01292660129703735,0.012926601297037356,0.06795950079417956,27.639593560650958,5.204170427930421e-18
4,80,1.0,1,65,0.02883658003034286,0.02883658003034285,0.16620550186097294,33.220279879579,1.0408340855860843e-17
4,80,1.0,1,12,0.09757116499170991,0.09757116499170991,0.6106893383131422,39.17397979484156,0.0
4,80,1.0,1,53,0.3626287544886657,0.3626287544886657,1.9317961709626312,28.379067774360962,0.0
4,80,1.0,1,79,0.05747487738111574,0.05747487738111574,0.23998628967441982,17.434791411445296,0.0
4,80,1.0,1,22,0.033611419286734966,0.033611419286734966,0.1810667996971258,29.02043702117067,0.0
4,80,1.0,1,28,0.2863859758685234,0.2863859758685234,1.4881207743374616,27.000565801644004,0.0
4,80,1.0,1,1,0.20623954011943918,0.2062395401194392,1.2181969048524808,34.88920875182626,2.7755575615628914e-17
4,80,1.0,1,38,0.2373819968099215,0.2373819968099215,1.3206139520627351,30.949682988059138,0.0
4,80,1.0,1,74,0.021929711048810092,0.021929711048810092,0.11854671122140514,29.22221969340069,0.0
4,80,1.0,1,32,0.01292660129703735,0.012926601297037356,0.06795950079417956,27.639593560650958,5.204170427930421e-18
4,80,1.0,1,28,0.2863859758685234,0.2863859758685234,1.4881207743374616,27.000565801644004,0.0
4,80,1.0,1,13,0.05378571052001551,0.053785710520015496,0.26069883010601824,23.493317299954526,1.3877787807814457e-17
4,80,1.0,1,10,0.20298199809870868,0.20298199809870868,0.9209363568693865,20.584683333461847,0.0
4,80,1.0,1,30,0.03279271131918291,0.03279271131918295,0.1647406453846103,25.237531519794157,4.163336342344337e-17
4,80,1.0,1,2,0.06865180625656805,0.06865180625656805,0.41518836767265643,36.57517547572253,0.0
4,80,1.0,1,75,0.23118909968554535,0.23118909968554538,1.4028044329747114,36.81794560816134,2.7755575615628914e-17
4,80,1.0,1,23,0.18325139990703174,0.1832513999070317,1.1288916831747704,37.94983962812241,2.7755575615628914e-17
4,80,1.0,2,23,0.0833882176779416,0.08338821767794163,0.48190357870044,33.397266343128734,2.7755575615628914e-17
4,80,1.0,2,46,0.07886396260668117,0.07886396260668116,0.4177774656909694,28.062918328920038,1.3877787807814457e-17
4,80,1.0,2,71,0.18066198927492766,0.18066198927492766,0.9458301533227895,27.408971213389258,0.0
4,80,1.0,2,13,0.04195265088415403,0.04195265088415406,0.2332237276662541,30.904850633446266,2.7755575615628914e-17
4,80,1.0,2,32,0.06237065288676851,0.062370652886768525,0.32362668832422425,26.9232868171486,1.3877787807814457e-17
4,80,1.0,2,57,0.1877496051833556,0.18774960518335562,0.9934334322360605,27.99751447287975,2.7755575615628914e-17
4,80,1.0,2,16,0.27922120017467067,0.27922120017467067,1.4040227409127009,25.284333220920853,0.0
4,80,1.0,2,43,0.18730635756291192,0.18730635756291192,1.021028581253694,29.714659745807683,0.0
4,80,1.0,2,32,0.06237065288676851,0.062370652886768525,0.32362668832422425,26.9232868171486,1.3877787807814457e-17
4,80,1.0,2,5,0.38957180923404694,0.38957180923404694,2.1077294888122036,29.272155180435817,0.0
4,80,1.0,2,71,0.18066198927492766,0.18066198927492766,0.9458301533227895,27.408971213389258,0.0
4,80,1.0,2,23,0.0833882176779416,0.08338821767794163,0.48190357870044,33.397266343128734,2.7755575615628914e-17
4,80,1.0,2,65,0.20069374944407348,0.2006937494440735,1.4424753775833272,51.65937218970206,2.7755575615628914e-17
4,80,1.0,2,18,0.1743265379150912,0.17432653791509123,1.0081845701675167,33.446685183947054,2.7755575615628914e-17
4,80,1.0,2,75,0.21695230068773527,0.2169523006877353,1.2786670699814653,34.73653072193556,2.7755575615628914e-17
4,80,1.0,2,75,0.21695230068773527,0.2169523006877353,1.2786670699814653,34.73653072193556,2.7755575615628914e-17
4,80,1.0,2,17,0.1727552980331301,0.17275529803313014,0.9529832512515743,30.430408727401222,2.7755575615628914e-17
4,80,1.0,2,8,0.18056569921611007,0.18056569921611007,1.1425382487771403,40.037872090944056,0.0
4,80,1.0,2,45,0.24463825586766474,0.24463825586766474,1.398043502540747,32.65822879587667,0.0
4,80,1.0,2,29,0.17787182254273995,0.1778718225427399,1.0108674354030045,32.29788637228962,5.551115123125783e-17
4,80,1.0,3,64,0.10510063470201274,0.10510063470201275,0.5601135686051115,28.401515167382158,1.3877787807814457e-17
4,80,1.0,3,16,0.05048047254757231,0.05048047254757229,0.2839076540288703,31.630596261579463,2.0816681711721685e-17
4,80,1.0,3,14,0.25950441059113977,0.2595044105911397,1.3080440877852841,25.40711054325315,5.551115123125783e-17
4,80,1.0,3,23,0.04520717695706864,0.04520717695706868,0.2940177604937224,42.29921964503071,4.163336342344337e-17
4,80,1.0,3,22,0.030002575208922796,0.030002575208922768,0.14450570726200862,23.198127639925392,2.7755575615628914e-17
4,80,1.0,3,72,0.043012395230388245,0.04301239523038825,0.20914977487839348,23.64435914166206,6.938893903907228e-18
4,80,1.0,3,59,0.13115451458620425,0.13115451458620428,0.6543870877304503,24.894473963689624,2.7755575615628914e-17
4,80,1.0,3,23,0.04520717695706864,0.04520717695706868,0.2940177604937224,42.29921964503071,4.163336342344337e-17
4,80,1.0,3,49,0.20990775359955696,0.2099077535995569,0.949490120738661,20.460862595440567,5.551115123125783e-17
4,80,1.0,3,27,0.18492105525872932,0.18492105525872923,1.1385274313391855,37.90655103367344,8.326672684688674e-17
4,80,1.0,3,6,0.11092302612538846,0.11092302612538844,0.6072076539437203,29.966157386136306,1.3877787807814457e-17
4,80,1.0,3,53,0.17640257822271688,0.17640257822271685,1.1950400026955248,45.8939068205461,2.7755575615628914e-17
4,80,1.0,3,54,0.12792789748238334,0.12792789748238334,0.7536922200415774,34.710233891891136,0.0
4,80,1.0,3,8,0.14277419075718795,0.14277419075718792,0.7472851927450961,27.395128336588126,2.7755575615628914e-17
4,80,1.0,3,45,0.12380037165861411,0.12380037165861409,0.6379479250720983,26.553792762646985,2.7755575615628914e-17
4,80,1.0,3,48,0.11938230898979656,0.11938230898979656,0.7261082503057046,36.99327611452684,0.0
4,80,1.0,3,34,0.12172230176985777,0.12172230176985772,0.6337302165348428,27.106192447390647,4.163336342344337e-17
4,80,1.0,3,46,0.13903408408886697,0.13903408408886692,0.7772075320566543,31.248663046909645,5.551115123125783e-17
4,80,1.0,3,16,0.05048047254757231,0.05048047254757229,0.2839076540288703,31.630596261579463,2.0816681711721685e-17
4,80,1.0,3,24,0.18660285765161533,0.18660285765161527,0.7233145071358291,15.025113820893495,5.551115123125783e-17
4,80,1.0,4,55,0.3733070716855051,0.3733070716855051,2.060535735518477,30.4668719770334,0.0
4,80,1.0,4,55,0.3733070716855051,0.3733070716855051,2.060535735518477,30.4668719770334,0.0
4,80,1.0,4,34,0.04364130291176006,0.043641302911760056,0.2726848372155466,39.0415060884781,6.938893903907228e-18
4,80,1.0,4,55,0.3733070716855051,0.3733070716855051,2.060535735518477,30.4668719770334,0.0
4,80,1.0,4,33,0.23358458992248587,0.2335845899224859,1.656801959080171,50.309826863135314,2.7755575615628914e-17
4,80,1.0,4,51,0.12909466574948214,0.12909466574948217,0.9249833208738383,51.33944962694076,2.7755575615628914e-17
4,80,1.0,4,34,0.04364130291176006,0.043641302911760056,0.2726848372155466,39.0415060884781,6.938893903907228e-18
4,80,1.0,4,11,0.06969265826915355,0.06969265826915352,0.4290866951994654,37.906705122625034,2.7755575615628914e-17
4,80,1.0,4,38,0.012362734348876747,0.012362734348876747,0.07089739456607225,32.88754659960437,0.0
4,80,1.0,4,56,0.23219080877619716,0.23219080877619716,1.557680250591062,45.00560235702946,0.0
4,80,1.0,4,54,0.16001153588974887,0.1600115358897489,0.7674642130949545,23.004546655766614,2.7755575615628914e-17
4,80,1.0,4,39,0.22657306118160053,0.22657306118160053,1.2648689563594744,31.16553043415109,0.0
4,80,1.0,4,42,0.40621531747105855,0.4062153174710586,1.7273920611166165,18.0829485776853,5.551115123125783e-17
4,80,1.0,4,58,0.2524628983165089,0.2524628983165089,1.4314512037198797,32.148296772839046,0.0
4,80,1.0,4,40,0.039786591572347436,0.03978659157234745,0.2631256356944971,43.73738900893824,1.3877787807814457e-17
4,80,1.0,4,18,0.15418538310632277,0.15418538310632277,0.8648239501724198,31.460745405835958,0.0
4,80,1.0,4,2,0.194612292493726,0.194612292493726,0.9871751199066894,25.7304786461256,0.0
4,80,1.0,4,30,0.07367581360896065,0.07367581360896065,0.37056953118779035,25.298194960289322,0.0
4,80,1.0,4,61,0.12399817599647263,0.12399817599647261,0.6813140563960967,30.190068932552883,1.3877787807814457e-17
4,80,1.0,4,10,0.07625016051463487,0.07625016051463489,0.45346111283882995,35.36702866970394,1.3877787807814457e-17
4,80,1.0,5,1,0.06952615145868016,0.06952615145868019,0.35679305917942594,26.33518746901448,2.7755575615628914e-17
4,80,1.0,5,47,0.09651885355813355,0.09651885355813357,0.374329374374919,15.041235370394695,1.3877787807814457e-17
4,80,1.0,5,66,0.19603508468626163,0.19603508468626166,1.1469045559172177,34.2284274246362,2.7755575615628914e-17
4,80,1.0,5,9,0.29541228525785035,0.29541228525785035,1.7142196077146963,33.67253493701013,0.0
4,80,1.0,5,68,0.04032386952860901,0.040323869528609,0.21509267487580974,28.45291976233039,6.938893903907228e-18
4,80,1.0,5,35,0.06230992286606307,0.06230992286606307,0.41189509635338384,43.697723877201966,0.0
4,80,1.0,5,76,0.0015539881481884193,0.0015539881481884672,0.010305538351334853,43.97906208428619,4.7921736023859296e-17
4,80,1.0,5,19,0.2025326094625129,0.2025326094625129,0.9438034730809908,21.715669623543015,0.0
4,80,1.0,5,40,0.07177820234200576,0.07177820234200578,0.3922123117952525,29.85776461050379,2.7755575615628914e-17
4,80,1.0,5,19,0.2025326094625129,0.2025326094625129,0.9438034730809908,21.715669623543015,0.0
4,80,1.0,5,43,0.04278074290144749,0.042780742901447455,0.21826732702400475,26.03039845225474,3.469446951953614e-17
4,80,1.0,5,79,0.2026263284452558,0.2026263284452558,0.9795340296338799,23.369386224762412,0.0
4,80,1.0,5,32,0.04538919436471974,0.045389194364719734,0.24265422914181567,28.580563105676966,6.938893903907228e-18
4,80,1.0,5,61,0.006078486320864217,0.006078486320864228,0.04004662499226663,43.40511932810011,1.0408340855860843e-17
4,80,1.0,5,30,0.1384967399171404,0.13849673991714032,0.6978748039126055,25.390773794811608,8.326672684688674e-17
4,80,1.0,5,20,0.05397331173911277,0.05397331173911278,0.3115986527063219,33.329823131142504,1.3877787807814457e-17
4,80,1.0,5,49,0.13387960124179987,0.1338796012417999,0.7764493095590732,33.635461891387976,2.7755575615628914e-17
4,80,1.0,5,73,0.12120803090165115,0.12120803090165118,0.6454871814524195,28.360406567882997,2.7755575615628914e-17
4,80,1.0,5,28,0.10140147938865354,0.10140147938865351,0.5486992399617767,29.28061100228758,2.7755575615628914e-17
4,80,1.0,5,52,0.18432249751329957,0.1843224975132996,0.9474272499134271,26.420136120158638,2.7755575615628914e-17
8,96,1.0,0,69,0.09010201921982272,0.09010201921982272,0.6300541579915013,48.89750687536967,0.0
8,96,1.0,0,65,0.07877507699424353,0.0787750769942435,0.715856563344557,82.57989943433799,2.7755575615628914e-17
8,96,1.0,0,89,0.13404946176723856,0.13404946176723856,1.0723289515736543,63.99203392700576,0.0
8,96,1.0,0,14,0.17651211216469606,0.17651211216469603,1.3920917392646524,62.19947071917967,2.7755575615628914e-17
8,96,1.0,0,38,0.0013797826687621693,0.0013797826687621598,0.010952105777997545,63.00483640686015,9.540979117872439e-18
8,96,1.0,0,88,0.05248695606628837,0.05248695606628836,0.41215281144514293,61.66145372221769,1.3877787807814457e-17
8,96,1.0,0,8,0.10406444639018864,0.10406444639018864,0.8846415726603207,72.26532047118354,0.0
8,96,1.0,0,25,0.1803476098707458,0.18034760987074583,1.385773969643032,59.04240187916969,2.7755575615628914e-17
8,96,1.0,0,13,0.01698376081977872,0.016983760819778714,0.14634612144810277,74.24970009454424,6.938893903907228e-18
8,96,1.0,0,60,0.08226882415222345,0.08226882415222342,0.6141553150368066,55.72959015438609,2.7755575615628914e-17
8,96,1.0,0,3,0.025907583224871054,0.02590758322487107,0.19581583368935496,57.12705132813951,1.734723475976807e-17
8,96,1.0,0,64,0.06241693438169035,0.062416934381690374,0.5264730586447675,71.14549982689115,2.0816681711721685e-17
8,96,1.0,0,8,0.10406444639018864,0.10406444639018864,0.8846415726603207,72.26532047118354,0.0
8,96,1.0,0,14,0.17651211216469606,0.17651211216469603,1.3920917392646524,62.19947071917967,2.7755575615628914e-17
8,96,1.0,0,59,0.045980216824288225,0.045980216824288225,0.3342047792481422,52.830325020481254,0.0
8,96,1.0,0,55,0.0017884730353091701,0.001788473035309165,0.013445377770599176,56.51727636687326,5.204170427930421e-18
8,96,1.0,0,62,0.03422982612617545,0.03422982612617546,0.22613332553005083,43.643518212241226,6.938893903907228e-18
8,96,1.0,0,64,0.06241693438169035,0.062416934381690374,0.5264730586447675,71.14549982689115,2.0816681711721685e-17
8,96,1.0,0,69,0.09010201921982272,0.09010201921982272,0.6300541579915013,48.89750687536967,0.0
8,96,1.0,0,69,0.09010201921982272,0.09010201921982272,0.6300541579915013,48.89750687536967,0.0
8,96,1.0,1,33,0.19353273922469824,0.1935327392246982,1.8149250578353058,87.94446401868515,2.7755575615628914e-17
8,96,1.0,1,76,0.0061517094894416105,0.006151709489441606,0.059499391299960624,93.54776360742424,4.336808689942018e-18
8,96,1.0,1,56,0.11317637821867509,0.11317637821867511,0.9233056690716008,66.55480579368447,2.7755575615628914e-17
8,96,1.0,1,58,0.025767012025271183,0.025767012025271187,0.199740315840383,60.09015776693073,3.469446951953614e-18
8,96,1.0,1,74,0.059814368324802095,0.059814368324802095,0.4402507496781167,54.17378339749169,0.0
8,96,1.0,1,71,0.24747432401311528,0.24747432401311534,1.9562673198570657,62.48792544314227,5.551115123125783e-17
8,96,1.0,1,62,0.07311907836673293,0.07311907836673293,0.638895562614151,76.34811627425672,0.0
8,96,1.0,1,18,0.01979180585800937,0.01979180585800936,0.14669866454308345,54.939091845691266,1.0408340855860843e-17
8,96,1.0,1,52,0.002778932209796392,0.0027789322097964103,0.024844176042883692,79.92695921079611,1.8214596497756474e-17
8,96,1.0,1,11,0.05263912701972553,0.052639127019725555,0.44441574806381645,71.27898773650261,2.7755575615628914e-17
8,96,1.0,1,64,0.03120531459097724,0.031205314590977216,0.2772783410129458,78.95411383794647,2.42861286636753e-17
8,96,1.0,1,2,0.16557981837019206,0.16557981837019206,1.1868118108078127,51.37465465732959,0.0
8,96,1.0,1,25,0.14480522146148403,0.14480522146148408,1.068065473649216,54.40355858432343,5.551115123125783e-17
8,96,1.0,1,31,0.08167586407431843,0.08167586407431843,0.8049948357793228,97.1401373375468,0.0
8,96,1.0,1,21,0.12676634798436773,0.1267663479843677,1.0189602923901036,64.61101491622412,2.7755575615628914e-17
8,96,1.0,1,45,0.1583970018568351,0.15839700185683508,1.3079524912666964,68.18518526044468,2.7755575615628914e-17
8,96,1.0,1,38,0.04468405676387241,0.044684056763872416,0.35687697446641,63.786954467083866,6.938893903907228e-18
8,96,1.0,1,11,0.05263912701972553,0.052639127019725555,0.44441574806381645,71.27898773650261,2.7755575615628914e-17
8,96,1.0,1,51,0.0579946151427378,0.05799461514273782,0.4231767281084906,53.243697977261576,2.0816681711721685e-17
8,96,1.0,1,89,0.25399046151474153,0.25399046151474153,1.8714562371067809,54.290586990016685,0.0
8,96,1.0,2,22,0.23754867240450997,0.23754867240450997,1.8398130668974688,59.984933652183116,0.0
8,96,1.0,2,64,0.0354187534461038,0.035418753446103825,0.2925048990865262,68.20241362555262,2.7755575615628914e-17
8,96,1.0,2,58,0.10043330630023167,0.1004333063002317,0.8748041405425151,75.86931094319962,2.7755575615628914e-17
8,96,1.0,2,56,0.18927011256461568,0.18927011256461568,1.5306503938892138,65.40153392165504,0.0
8,96,1.0,2,36,0.11587915520222249,0.11587915520222251,0.974253751499659,70.68602057329642,2.7755575615628914e-17
8,96,1.0,2,92,0.14879506562793626,0.14879506562793626,1.3449146379148313,81.69818008871678,0.0
8,96,1.0,2,31,0.16824904651504408,0.16824904651504408,1.397732650499805,69.01492129630486,0.0
8,96,1.0,2,37,0.08603165975119696,0.08603165975119695,0.6280833044883516,53.298856982509704,1.3877787807814457e-17
8,96,1.0,2,72,0.2736424702733596,0.27364247027335953,2.7357236116286257,99.94876516850233,5.551115123125783e-17
8,96,1.0,2,5,0.1728136799915952,0.1728136799915952,1.3296092378123425,59.195924941403106,0.0
8,96,1.0,2,23,0.17038191100655176,0.17038191100655176,1.6368956779081363,92.29858307372135,0.0
8,96,1.0,2,4,0.12783077789479189,0.12783077789479189,0.9514608078866091,55.40015042726906,0.0
8,96,1.0,2,67,0.07587101732032028,0.07587101732032027,0.5737123862141158,57.179010793659806,1.3877787807814457e-17
8,96,1.0,2,34,0.015973235367039155,0.015973235367039165,0.1260934775368332,62.31598476667077,1.0408340855860843e-17
8,96,1.0,2,41,0.1630526329752861,0.1630526329752861,1.4315037239964252,77.07780384512586,0.0
8,96,1.0,2,37,0.08603165975119696,0.08603165975119695,0.6280833044883516,53.298856982509704,1.3877787807814457e-17
8,96,1.0,2,41,0.1630526329752861,0.1630526329752861,1.4315037239964252,77.07780384512586,0.0
8,96,1.0,2,77,0.08931872901958098,0.08931872901958099,0.7586556593762719,72.14468386322791,1.3877787807814457e-17
8,96,1.0,2,16,0.12538543607065358,0.1253854360706536,1.0017602877863034,63.83126231163109,2.7755575615628914e-17
8,96,1.0,2,35,0.13162488933410696,0.131624889334107,0.9693989513328842,54.24117052681099,2.7755575615628914e-17
8,96,1.0,3,37,0.18122466468703127,0.1812246646870313,1.4485231050295941,63.887551507626114,2.7755575615628914e-17
8,96,1.0,3,40,0.08977876403204542,0.0897787640320454,0.6815207008819046,57.624989495602236,1.3877787807814457e-17
8,96,1.0,3,14,0.029800134359371646,0.029800134359371646,0.24867278273999105,69.63379494121759,0.0
8,96,1.0,3,62,0.021223277422749213,0.021223277422749227,0.1505979862132789,50.351617567181634,1.3877787807814457e-17
8,96,1.0,3,69,0.06659969306139452,0.06659969306139449,0.4857048135754636,53.186371147901006,2.7755575615628914e-17
8,96,1.0,3,78,0.10384311907222235,0.10384311907222234,0.7966214922848982,58.85028763086806,1.3877787807814457e-17
8,96,1.0,3,64,0.0066726239110146785,0.0066726239110146785,0.06168807476090077,85.4691014301385,0.0
8,96,1.0,3,94,0.008313647563823266,0.008313647563823258,0.06546622798716184,62.00852740369313,8.673617379884035e-18
8,96,1.0,3,10,0.06948116990154128,0.06948116990154127,0.574395486424863,68.34201705367965,1.3877787807814457e-17
8,96,1.0,3,26,0.015731714105890603,0.01573171410589063,0.14686395441275213,87.15219803099346,2.7755575615628914e-17
8,96,1.0,3,12,0.234025165185391,0.234025165185391,1.7209531400452227,54.07704715487007,0.0
8,96,1.0,3,9,0.10583765666175708,0.1058376566617571,0.9115350766775823,74.17650034983092,1.3877787807814457e-17
8,96,1.0,3,35,0.18657135628608973,0.18657135628608976,1.5036391962364768,64.95271947602147,2.7755575615628914e-17
8,96,1.0,3,37,0.18122466468703127,0.1812246646870313,1.4485231050295941,63.887551507626114,2.7755575615628914e-17
8,96,1.0,3,2,0.07536344055190093,0.0753634405519009,0.48896664500257825,42.0956321047026,2.7755575615628914e-17
8,96,1.0,3,67,0.10297798557860233,0.1029779855786023,0.7421761537122722,51.94278225724232,2.7755575615628914e-17
8,96,1.0,3,40,0.08977876403204542,0.0897787640320454,0.6815207008819046,57.624989495602236,1.3877787807814457e-17
8,96,1.0,3,28,0.24855518787780953,0.24855518787780945,1.8550933733631072,55.70393606347449,8.326672684688674e-17
8,96,1.0,3,83,0.09317345623515527,0.09317345623515524,0.73283590062394,61.8627271921506,2.7755575615628914e-17
8,96,1.0,3,7,0.005794949582711037,0.005794949582711029,0.045029627487970014,60.38059450345302,7.806255641895632e-18
8,96,1.0,4,28,0.037672880209891235,0.03767288020989124,0.35445132051184824,88.5228826940329,6.938893903907228e-18
8,96,1.0,4,34,0.03159504003602018,0.03159504003602018,0.2406682020808235,58.02292350501652,0.0
8,96,1.0,4,28,0.037672880209891235,0.03767288020989124,0.35445132051184824,88.5228826940329,6.938893903907228e-18
8,96,1.0,4,14,0.11505932251877923,0.11505932251877926,1.015694034056136,77.92596300720646,2.7755575615628914e-17
8,96,1.0,4,56,0.09551009775228483,0.09551009775228485,0.7382836088074289,59.75137087510943,1.3877787807814457e-17
8,96,1.0,4,40,0.10048599063184697,0.10048599063184699,0.8626955444946149,73.7062088646863,1.3877787807814457e-17
8,96,1.0,4,57,0.05201279042316983,0.052012790423169857,0.44100635981227176,71.89015128199574,2.7755575615628914e-17
8,96,1.0,4,47,0.11732139875096811,0.1173213987509681,0.9291317787703406,62.719150061510376,1.3877787807814457e-17
8,96,1.0,4,25,0.04961343215063201,0.04961343215063199,0.3930763235840764,62.770447913830516,2.0816681711721685e-17
8,96,1.0,4,55,0.05422562334576818,0.05422562334576815,0.46469849557943155,73.44012827613756,2.7755575615628914e-17
8,96,1.0,4,72,0.05116153882394,0.051161538823939985,0.45058281931309807,77.56433242178315,1.3877787807814457e-17
8,96,1.0,4,63,0.020414282930332577,0.020414282930332556,0.1672334069669068,67.10854393463934,2.0816681711721685e-17
8,96,1.0,4,81,0.12169282307822236,0.12169282307822232,0.9308525908904324,58.51024160707795,4.163336342344337e-17
8,96,1.0,4,91,0.01362771194737363,0.01362771194737362,0.10192344346292792,55.93740114987477,1.0408340855860843e-17
8,96,1.0,4,68,0.050655600393196595,0.05065560039319658,0.4005368733737136,62.52159838327626,1.3877787807814457e-17
8,96,1.0,4,72,0.05116153882394,0.051161538823939985,0.45058281931309807,77.56433242178315,1.3877787807814457e-17
8,96,1.0,4,16,0.014430524969930244,0.014430524969930256,0.11849053411704702,67.42222072141513,1.214306433183765e-17
8,96,1.0,4,52,0.018284091628569324,0.018284091628569348,0.137929776630902,56.907471257640886,2.42861286636753e-17
8,96,1.0,4,22,0.1393118004218282,0.1393118004218282,1.1911959002588275,73.11232084573001,0.0
8,96,1.0,4,51,0.11423213622857882,0.11423213622857883,0.7143598849789434,39.107271849528985,1.3877787807814457e-17
8,96,1.0,5,4,0.12020843230813595,0.12020843230813595,0.9547412782711437,63.08143041454234,0.0
8,96,1.0,5,87,0.0072291670346423895,0.007229167034642387,0.059136840332849605,66.9175009985529,2.6020852139652106e-18
8,96,1.0,5,50,0.03419265990670414,0.03419265990670416,0.32213461969687396,88.75831079144781,2.0816681711721685e-17
8,96,1.0,5,3,0.11775600707768734,0.11775600707768734,0.9915905665257996,70.90855429515398,0.0
8,96,1.0,5,16,0.03521144871956029,0.035211448719560286,0.3289306136296841,87.2651426304616,6.938893903907228e-18
8,96,1.0,5,11,0.0015524564371762258,0.0015524564371762353,0.011921128802200975,58.96521898603033,9.540979117872439e-18
8,96,1.0,5,7,0.09043048881016086,0.09043048881016086,0.7045247778017503,60.69637951242683,0.0
8,96,1.0,5,1,0.13041473013118207,0.13041473013118204,1.1333008294498637,75.5156768253884,2.7755575615628914e-17
8,96,1.0,5,35,0.0606778289461444,0.06067782894614439,0.4903104077125686,65.29533545098244,1.3877787807814457e-17
8,96,1.0,5,33,0.03903226575065393,0.039032265750653924,0.32774373972087467,70.50522223468028,6.938893903907228e-18
8,96,1.0,5,38,0.02637915171753258,0.026379151717532565,0.21304136610962843,65.22381916816326,1.3877787807814457e-17
8,96,1.0,5,35,0.0606778289461444,0.06067782894614439,0.4903104077125686,65.29533545098244,1.3877787807814457e-17
8,96,1.0,5,32,0.22008838285307647,0.22008838285307641,1.7350311487451993,62.147020661456494,5.551115123125783e-17
8,96,1.0,5,39,0.06930809071568034,0.06930809071568028,0.5644626125180094,66.32885382169945,5.551115123125783e-17
8,96,1.0,5,89,0.10685555596269411,0.10685555596269412,0.9768933052730171,83.5795541689393,1.3877787807814457e-17
8,96,1.0,5,52,0.001320517068253466,0.0013205170682534502,0.010293654245731254,60.76466601134439,1.5829351718288365e-17
8,96,1.0,5,52,0.001320517068253466,0.0013205170682534502,0.010293654245731254,60.76466601134439,1.5829351718288365e-17
8,96,1.0,5,8,0.17208837084189646,0.17208837084189646,1.5572333369588165,81.88499721436247,0.0
8,96,1.0,5,75,0.014703918388057187,0.014703918388057152,0.1164013660945531,62.66859922111722,3.469446951953614e-17
8,96,1.0,5,45,0.028173810108362847,0.02817381010836281,0.202061164367084,51.436870346196855,3.8163916471489756e-17
8,160,1.0,0,57,0.14907613208417325,0.1490761320841733,1.142191818221053,58.703211045269086,5.551115123125783e-17
8,160,1.0,0,45,0.15833654019193405,0.1583365401919341,1.46999638027944,86.19264909724446,5.551115123125783e-17
8,160,1.0,0,15,0.09616698790261125,0.09616698790261125,0.8240668480171744,73.42988683545333,0.0
8,160,1.0,0,157,0.03748965605464897,0.03748965605464898,0.31389782673663147,70.1057606333288,1.3877787807814457e-17
8,160,1.0,0,116,0.11570593105964443,0.11570593105964438,0.9821656697543557,72.05402685556956,4.163336342344337e-17
8,160,1.0,0,26,0.17717804827013578,0.17717804827013572,1.3575377481458915,58.70620441387754,5.551115123125783e-17
8,160,1.0,0,5,0.1780702368433091,0.1780702368433091,1.1896577461339028,44.633546945707266,0.0
8,160,1.0,0,84,0.0220149237151009,0.022014923715100884,0.19527575791252438,78.67962735931569,1.734723475976807e-17
8,160,1.0,0,111,0.15450889582305624,0.1545088958230563,1.437848451619892,86.60027085349061,5.551115123125783e-17
8,160,1.0,0,48,0.07648784688755715,0.07648784688755715,0.48674586035057743,40.496702501932404,0.0
8,160,1.0,0,97,0.06785167797555916,0.06785167797555916,0.5842372168204304,74.14079745995667,0.0
8,160,1.0,0,126,0.16798572899193778,0.16798572899193778,1.531926562166451,83.163185490746,0.0
8,160,1.0,0,154,0.04442651358211218,0.04442651358211215,0.34705705205284065,61.02633395600616,2.7755575615628914e-17
8,160,1.0,0,153,0.012697630213458393,0.012697630213458416,0.10105120867148987,63.33411037063786,2.2551405187698492e-17
8,160,1.0,0,105,0.09089080973077822,0.09089080973077822,0.7636240561924814,70.58611148870241,0.0
8,160,1.0,0,156,0.022720994965529505,0.022720994965529456,0.20271535814187258,79.60101675560786,4.85722573273506e-17
8,160,1.0,0,57,0.14907613208417325,0.1490761320841733,1.142191818221053,58.703211045269086,5.551115123125783e-17
8,160,1.0,0,102,0.011605325029381244,0.011605325029381233,0.09961128452311874,73.6720007885811,1.0408340855860843e-17
8,160,1.0,0,64,0.058410190907280925,0.05841019090728092,0.4156026159008166,50.62666197715046,6.938893903907228e-18
8,160,1.0,0,54,0.12928237116928556,0.1292823711692855,1.0430312253631087,65.09025942806849,5.551115123125783e-17
8,160,1.0,1,65,0.0467149152112116,0.04671491521121162,0.35992540532022854,59.362731321603746,2.0816681711721685e-17
8,160,1.0,1,83,0.16221950188549242,0.1622195018854924,1.214930584466083,56.091467583671346,2.7755575615628914e-17
8,160,1.0,1,68,0.23841134773154413,0.23841134773154413,1.9993082973848015,70.32434423969387,0.0
8,160,1.0,1,52,0.02328385761639634,0.02328385761639633,0.17193550108998634,54.52821079607339,6.938893903907228e-18
8,160,1.0,1,123,0.11101014350085611,0.11101014350085611,0.8518273051291891,58.88135372985646,0.0
8,160,1.0,1,23,0.03597697209027833,0.035976972090278315,0.2720126571329118,57.16484195825673,1.3877787807814457e-17
8,160,1.0,1,68,0.23841134773154413,0.23841134773154413,1.9993082973848015,70.32434423969387,0.0
8,160,1.0,1,39,0.04705622489287067,0.047056224892870646,0.36651725493247955,60.667302488278175,2.0816681711721685e-17
8,160,1.0,1,153,0.07310038448322291,0.07310038448322292,0.5712534585030862,61.06865603686943,1.3877787807814457e-17
8,160,1.0,1,98,0.010721015061381914,0.010721015061381912,0.1068077983591671,99.25082232921244,1.734723475976807e-18
8,160,1.0,1,115,0.13361025107510605,0.13361025107510602,1.1088477358859088,68.87542122074325,2.7755575615628914e-17
8,160,1.0,1,43,0.08523039204987132,0.08523039204987132,0.6990405188291726,67.26911701415801,0.0
8,160,1.0,1,139,0.009596661642585491,0.009596661642585479,0.07220715536540512,56.613513248133444,1.214306433183765e-17
8,160,1.0,1,101,0.1150945208488821,0.1150945208488821,0.9845254811858717,73.17194904969753,0.0
8,160,1.0,1,110,0.055332929878967464,0.05533292987896748,0.46612630684983625,70.96429531371004,1.3877787807814457e-17
8,160,1.0,1,155,0.005374247166533129,0.005374247166533141,0.04951610586967048,84.89022669373138,1.214306433183765e-17
8,160,1.0,1,86,0.06784977329293333,0.06784977329293333,0.6307534749965353,86.4216396770062,0.0
8,160,1.0,1,126,0.05275244940080722,0.052752449400807214,0.3995023627050096,57.3526441413761,6.938893903907228e-18
8,160,1.0,1,62,0.11322342467868025,0.11322342467868024,0.9607224680849673,71.99847889857554,1.3877787807814457e-17
8,160,1.0,1,140,0.16484178506497799,0.16484178506497799,1.276381821750404,59.95516506663654,0.0
8,160,1.0,2,36,0.1198835953114607,0.11988359531146069,0.8811450611770919,54.02257794127151,1.3877787807814457e-17
8,160,1.0,2,31,0.011140354515712951,0.011140354515712955,0.0807844996302145,52.584537171269176,3.469446951953614e-18
8,160,1.0,2,34,0.011694014916077257,0.011694014916077253,0.10045941557541216,73.79959996539984,3.469446951953614e-18
8,160,1.0,2,128,0.20046909895251885,0.20046909895251883,1.5898815724743263,62.897686949777444,2.7755575615628914e-17
8,160,1.0,2,106,0.022737853626133852,0.02273785362613387,0.1825001966406048,64.42104132919921,1.734723475976807e-17
8,160,1.0,2,35,0.05599468163409189,0.05599468163409189,0.4868351816295422,75.59104536610408,0.0
8,160,1.0,2,76,0.17589290188090778,0.17589290188090775,1.152524471087454,42.93423042721247,2.7755575615628914e-17
8,160,1.0,2,20,0.25266615314625773,0.2526661531462578,1.9815153971795503,61.503632431477854,5.551115123125783e-17
8,160,1.0,2,70,0.13317733080412322,0.1331773308041232,1.0270268998660508,59.470696507937134,2.7755575615628914e-17
8,160,1.0,2,154,0.14200912740924676,0.1420091274092468,1.0158408379886918,51.17040075168177,2.7755575615628914e-17
8,160,1.0,2,108,0.12822637775750012,0.12822637775750012,0.9618595725188805,56.268921957541394,0.0
8,160,1.0,2,121,0.017046403047087877,0.01704640304708787,0.1310913943883545,59.140209749372815,6.938893903907228e-18
8,160,1.0,2,155,0.023609437516713513,0.02360943751671352,0.17574687780994092,55.412016658363,6.938893903907228e-18
8,160,1.0,2,14,0.05903154898356338,0.059031548983563394,0.4476450578340425,57.50415548512396,1.3877787807814457e-17
8,160,1.0,2,49,0.1405343758504839,0.1405343758504839,1.190371992857822,71.74642437827535,0.0
8,160,1.0,2,58,0.08354806469462861,0.08354806469462862,0.6348953358386682,57.747273550803044,1.3877787807814457e-17
8,160,1.0,2,92,0.20091311149348676,0.2009131114934867,1.8211973252987126,82.16700337530604,5.551115123125783e-17
8,160,1.0,2,82,0.12810528270142407,0.12810528270142407,1.0796964525460262,71.03449061751638,0.0
8,160,1.0,2,27,0.013534279534025506,0.013534279534025492,0.12939956746219172,91.41034859891823,1.3877787807814457e-17
8,160,1.0,2,155,0.023609437516713513,0.02360943751671352,0.17574687780994092,55.412016658363,6.938893903907228e-18
8,160,1.0,3,72,0.03564013450669463,0.03564013450669463,0.2614665474160076,53.82122714099666,0.0
8,160,1.0,3,1,0.019990551773131346,0.019990551773131367,0.1634469830688392,66.85043757663504,2.0816681711721685e-17
8,160,1.0,3,88,0.06585816365340537,0.06585816365340535,0.5444533475260309,68.34427027666827,1.3877787807814457e-17
8,160,1.0,3,83,0.011814089313505515,0.011814089313505513,0.106124603894592,80.69222020365777,1.734723475976807e-18
8,160,1.0,3,4,0.0661105542717114,0.06611055427171139,0.4586774957756674,48.13636248184563,1.3877787807814457e-17
8,160,1.0,3,113,0.15334914760107607,0.15334914760107607,1.1535875149949415,56.58982640735965,0.0
8,160,1.0,3,102,0.07414897540662,0.07414897540661998,0.561686356440978,57.382232534453664,1.3877787807814457e-17
8,160,1.0,3,115,0.0327865631461929,0.03278656314619294,0.24834386229693317,57.373992716593825,3.469446951953614e-17
8,160,1.0,3,100,0.30851707495666597,0.3085170749566659,2.8678838448160326,86.4101391938797,5.551115123125783e-17
8,160,1.0,3,63,0.08537230281850089,0.08537230281850089,0.6164437470172546,52.13782510372087,0.0
8,160,1.0,3,49,0.2846838735077978,0.2846838735077977,2.1022391646678398,54.5303785703456,5.551115123125783e-17
8,160,1.0,3,115,0.0327865631461929,0.03278656314619294,0.24834386229693317,57.373992716593825,3.469446951953614e-17
8,160,1.0,3,144,0.0667267121031157,0.06672671210311573,0.5093312094320144,58.26411111795632,2.7755575615628914e-17
8,160,1.0,3,137,0.05659842417423722,0.05659842417423724,0.4156056260047545,53.92053052372616,1.3877787807814457e-17
8,160,1.0,3,55,0.040974315946776634,0.04097431594677662,0.33067199394979285,65.12854929191316,1.3877787807814457e-17
8,160,1.0,3,82,0.02897124735565938,0.02897124735565938,0.2295194485526686,62.763130228865435,0.0
8,160,1.0,3,95,0.13900776052047614,0.13900776052047614,1.1351877114599174,66.68947045820086,0.0
8,160,1.0,3,26,0.03150847240325198,0.031508472403251976,0.22845758552983808,52.572238428382,6.938893903907228e-18
8,160,1.0,3,12,0.010321241319200687,0.010321241319200702,0.09278961955088239,80.82299196881382,1.5612511283791264e-17
8,160,1.0,3,89,0.13427756343440556,0.13427756343440556,1.0399101562049395,59.97699950851495,0.0
8,160,1.0,4,13,0.18158919365419224,0.1815891936541922,1.4623088635834605,64.84824460298981,2.7755575615628914e-17
8,160,1.0,4,147,0.028582206331845276,0.0285822063318453,0.2318021377615671,65.77235219683615,2.42861286636753e-17
8,160,1.0,4,60,0.10784065083493792,0.10784065083493792,0.8079399128827265,56.12975232113174,0.0
8,160,1.0,4,37,0.07312515711627585,0.07312515711627587,0.5601910461426391,58.68656649388455,2.7755575615628914e-17
8,160,1.0,4,22,0.14282088493453107,0.14282088493453107,1.1715415646611178,67.2871235927335,0.0
8,160,1.0,4,92,0.061089670302804905,0.06108967030280488,0.4916477130010759,64.76978926458004,2.7755575615628914e-17
8,160,1.0,4,117,0.22330388586890518,0.22330388586890518,1.7849566524010414,63.89439853547162,0.0
8,160,1.0,4,151,0.1349880624379021,0.13498806243790212,1.0197204664939261,57.06522639062159,2.7755575615628914e-17
8,160,1.0,4,5,0.053302471637516786,0.05330247163751677,0.40900625837453,58.87964885037655,1.3877787807814457e-17
8,160,1.0,4,26,0.09569620306534005,0.09569620306534005,0.7078765690856463,54.717426262084956,0.0
8,160,1.0,4,39,0.04375660563168434,0.04375660563168434,0.3650758785730708,69.61118527555564,0.0
8,160,1.0,4,64,0.14521928770113693,0.14521928770113693,1.0371002618888014,51.00266663303378,0.0
8,160,1.0,4,30,0.022737862724010464,0.022737862724010467,0.19780422977326073,75.6783871681209,3.469446951953614e-18
8,160,1.0,4,68,0.10966346986702566,0.10966346986702567,0.9179891209867019,70.0730631151072,1.3877787807814457e-17
8,160,1.0,4,17,0.11985958038994848,0.11985958038994848,0.8225069450268436,47.09053683740488,0.0
8,160,1.0,4,149,0.07947184541068894,0.07947184541068898,0.6757764904996097,72.30687002290138,4.163336342344337e-17
8,160,1.0,4,114,0.2069401388581108,0.20694013885811077,1.55705140630239,56.61303396203209,2.7755575615628914e-17
8,160,1.0,4,110,0.07873683039396419,0.07873683039396417,0.6550152195036345,69.20650639417914,1.3877787807814457e-17
8,160,1.0,4,80,0.02195956995003997,0.021959569950039982,0.16589763150433123,57.073263932969724,1.3877787807814457e-17
8,160,1.0,4,131,0.1352712741124177,0.13527127411241774,1.031647142239065,58.1635890990444,2.7755575615628914e-17
8,160,1.0,5,94,0.06465110054422467,0.06465110054422467,0.49661786701268484,59.00554637500956,0.0
8,160,1.0,5,24,0.034792164013199116,0.03479216401319912,0.2618793884074564,56.65519674850293,6.938893903907228e-18
8,160,1.0,5,137,0.12440859215990752,0.1244085921599075,1.139067597154476,83.8297641766204,1.3877787807814457e-17
8,160,1.0,5,63,0.08904208361553115,0.08904208361553113,0.705844545348786,62.83874424855213,1.3877787807814457e-17
8,160,1.0,5,80,0.10250968849819385,0.10250968849819385,0.6227794529551867,36.90954774070822,0.0
8,160,1.0,5,109,0.03426455025930782,0.03426455025930784,0.2522845498494699,54.21147673642552,1.3877787807814457e-17
8,160,1.0,5,10,0.012114394075926467,0.012114394075926472,0.10446386850071931,74.3581909276183,5.204170427930421e-18
8,160,1.0,5,143,0.1405735866623812,0.1405735866623812,1.0538930271470819,56.20637940804995,0.0
8,160,1.0,5,52,0.0043277049736512516,0.004327704973651254,0.03513504934690914,65.91220529134496,2.6020852139652106e-18
8,160,1.0,5,136,0.11448451802951283,0.11448451802951286,0.9451685634250713,68.15928353109167,2.7755575615628914e-17
8,160,1.0,5,46,0.03572068131760225,0.03572068131760227,0.3083848605077044,74.53266165215524,2.0816681711721685e-17
8,160,1.0,5,71,0.0879457135037489,0.08794571350374891,0.7465645340800946,72.06184149258392,1.3877787807814457e-17
8,160,1.0,5,90,0.07053204181552189,0.07053204181552188,0.6337694963578904,80.74018728460618,1.3877787807814457e-17
8,160,1.0,5,27,0.08175767963986597,0.08175767963986597,0.7043836485855919,74.22691604840728,0.0
8,160,1.0,5,102,0.17892846587055544,0.17892846587055544,1.1690126579382247,42.68541918831683,0.0
8,160,1.0,5,60,0.011519128884575243,0.011519128884575264,0.07812514947420945,45.99837055520949,2.0816681711721685e-17
8,160,1.0,5,36,0.17564843385278806,0.17564843385278808,1.2757398338893904,52.751603901271636,2.7755575615628914e-17
8,160,1.0,5,144,0.14350188335727573,0.14350188335727573,1.1923097766105215,69.03399524854265,0.0
8,160,1.0,5,148,2.546874091599804e-05,2.5468740915997226e-05,0.00020369961970345685,63.968399591327156,8.131516293641283e-19
8,160,1.0,5,35,0.01277496867649915,0.01277496867649916,0.09101269761394493,50.755637409098185,1.0408340855860843e-17
16,192,1.0,0,158,0.10440771372902936,0.10440771372902942,1.3331158946921549,163.03116849431183,5.551115123125783e-17
16,192,1.0,0,62,0.12914787717197668,0.1291478771719767,1.35939171740395,110.79360534413154,2.7755575615628914e-17
16,192,1.0,0,111,0.1249887472819464,0.12498874728194638,1.3421776300617767,115.31297101597366,1.3877787807814457e-17
16,192,1.0,0,68,0.01366731524646244,0.013667315246462445,0.14685811754430977,115.4594515958315,5.204170427930421e-18
16,192,1.0,0,109,0.12141270177938596,0.12141270177938594,1.4567595386102732,143.96187483414118,1.3877787807814457e-17
16,192,1.0,0,96,0.11901419914901924,0.11901419914901926,1.3142201469760861,121.9378923472041,1.3877787807814457e-17
16,192,1.0,0,59,0.05080665134731537,0.05080665134731536,0.5661174038605843,124.15718848917932,1.3877787807814457e-17
16,192,1.0,0,90,0.11624787811083269,0.1162478781108327,1.3658483152205605,138.0495113744756,1.3877787807814457e-17
16,192,1.0,0,89,0.05388839079083137,0.053888390790831374,0.5905716239321273,120.10323960692259,6.938893903907228e-18
16,192,1.0,0,179,0.0905216715069639,0.09052167150696387,0.9310487183209522,105.78879828065062,2.7755575615628914e-17
16,192,1.0,0,85,0.1813571146430473,0.18135711464304732,1.9368235548899313,114.05410505813802,2.7755575615628914e-17
16,192,1.0,0,40,0.05101465950081181,0.051014659500811806,0.5621962784638068,121.44676425518267,6.938893903907228e-18
16,192,1.0,0,167,0.059075763721120424,0.05907576372112043,0.6887949186023006,135.94435530771563,6.938893903907228e-18
16,192,1.0,0,165,0.08819900228275458,0.0881990022827546,0.9787229975186817,123.138041468694,1.3877787807814457e-17
16,192,1.0,0,109,0.12141270177938596,0.12141270177938594,1.4567595386102732,143.96187483414118,1.3877787807814457e-17
16,192,1.0,0,16,0.04798244461018053,0.04798244461018054,0.6012868835110121,157.03581731082687,6.938893903907228e-18
16,192,1.0,0,89,0.05388839079083137,0.053888390790831374,0.5905716239321273,120.10323960692259,6.938893903907228e-18
16,192,1.0,0,113,0.07554081538552529,0.0755408153855253,0.8378063853059643,123.00534840176222,1.3877787807814457e-17
16,192,1.0,0,24,0.06080718115285991,0.06080718115285991,0.574782929925648,89.35070452421729,0.0
16,192,1.0,0,11,0.16138572192699152,0.16138572192699152,1.8432321016661128,130.44571943216076,0.0
16,192,1.0,1,29,0.1374879825405895,0.13748798254058947,1.4659328633807143,113.68382656441995,2.7755575615628914e-17
16,192,1.0,1,110,0.08284032083441248,0.08284032083441248,0.9649488165648172,135.68286684575486,0.0
16,192,1.0,1,139,0.07538541837436977,0.07538541837436974,0.8721427210534394,133.84446686640007,2.7755575615628914e-17
16,192,1.0,1,81,0.08396534171163147,0.08396534171163145,0.9686379898356603,133.08309014870252,2.7755575615628914e-17
16,192,1.0,1,14,0.05052040919175358,0.05052040919175359,0.5366635585698347,112.8419268030568,6.938893903907228e-18
16,192,1.0,1,161,0.00490348695203845,0.004903486952038458,0.05190336083354108,112.04201537709753,7.806255641895632e-18
16,192,1.0,1,190,0.07214656095752464,0.07214656095752464,0.8245158514303514,130.60708915856662,0.0
16,192,1.0,1,104,0.06677310534242349,0.06677310534242348,0.7855479782321977,138.40197339438936,1.3877787807814457e-17
16,192,1.0,1,166,0.022750244250049262,0.02275024425004928,0.25209263110598545,122.78580864263148,1.734723475976807e-17
16,192,1.0,1,115,0.03226031499554699,0.032260314995547004,0.38148558738499005,139.83602253833567,1.3877787807814457e-17
16,192,1.0,1,138,0.022221411855982802,0.022221411855982816,0.23383287656408802,110.73064944547602,1.3877787807814457e-17
16,192,1.0,1,97,0.07983270118924662,0.07983270118924661,0.9218535213327925,133.3405338716514,1.3877787807814457e-17
16,192,1.0,1,162,0.2042569996194319,0.20425699961943186,2.6096030495341207,163.22813032550573,2.7755575615628914e-17
16,192,1.0,1,127,0.005026631294301671,0.005026631294301646,0.061473017530206064,149.55984361811258,2.5153490401663703e-17
16,192,1.0,1,179,0.06713120898884246,0.06713120898884245,0.7447533396101127,123.07673918761398,1.3877787807814457e-17
16,192,1.0,1,141,0.02752931186821201,0.027529311868212017,0.2971482181136986,116.50794686817854,6.938893903907228e-18
16,192,1.0,1,10,0.059819493320912444,0.059819493320912444,0.6355304946082718,112.87228781043437,0.0
16,192,1.0,1,117,0.06781804546859042,0.06781804546859042,0.8034206764321588,140.344523499668,0.0
16,192,1.0,1,17,0.10948201043485886,0.10948201043485886,1.193724867732462,118.88387564308115,0.0
16,192,1.0,1,147,0.004764411651738183,0.004764411651738181,0.05554154742916673,135.89935470295688,1.734723475976807e-18
16,192,1.0,2,118,0.09370209374794725,0.09370209374794722,1.0192460480230148,118.3203599131223,2.7755575615628914e-17
16,192,1.0,2,178,0.05752854878133777,0.05752854878133778,0.6714731242556722,136.2355445904972,6.938893903907228e-18
16,192,1.0,2,90,0.08774090969475326,0.0877409096947533,0.9575791793145465,119.10914949400882,4.163336342344337e-17
16,192,1.0,2,62,0.09888991651021897,0.09888991651021897,1.0873267509279518,120.89716733590296,0.0
16,192,1.0,2,113,0.10542441393896888,0.1054244139389689,1.3939909370372225,174.83867622471203,1.3877787807814457e-17
16,192,1.0,2,57,0.050905408436864995,0.050905408436864995,0.5760462994013844,128.05216611448353,0.0
16,192,1.0,2,87,0.07842911023226547,0.07842911023226545,0.8113879241500321,107.02925528932218,1.3877787807814457e-17
16,192,1.0,2,2,0.05917100484163634,0.05917100484163633,0.6552893505559059,122.64457175000149,1.3877787807814457e-17
16,192,1.0,2,35,0.04346611568334011,0.043466115683340106,0.49913736693340427,131.86772213586866,6.938893903907228e-18
16,192,1.0,2,90,0.08774090969475326,0.0877409096947533,0.9575791793145465,119.10914949400882,4.163336342344337e-17
16,192,1.0,2,109,0.08278040565149646,0.08278040565149646,0.8383704572467465,102.56916776246088,0.0
16,192,1.0,2,146,0.15437383180311165,0.15437383180311168,1.8027729798751913,136.37498381917504,2.7755575615628914e-17
16,192,1.0,2,110,0.03382814432445923,0.033828144324459235,0.4356351654111261,165.8400842737275,6.938893903907228e-18
16,192,1.0,2,36,0.07381024448351513,0.07381024448351511,0.9237097923037823,156.61660574993334,1.3877787807814457e-17
16,192,1.0,2,143,0.004921970019101627,0.004921970019101618,0.05877605360206006,142.6011138676315,8.673617379884035e-18
16,192,1.0,2,30,0.029457335899370267,0.029457335899370274,0.3321687689135291,127.15418536152447,6.938893903907228e-18
16,192,1.0,2,78,0.045026911355092375,0.04502691135509237,0.5406924702601676,144.19703436146665,6.938893903907228e-18
16,192,1.0,2,9,0.04198528525726782,0.04198528525726783,0.4954908855052116,139.2762688646233,6.938893903907228e-18
16,192,1.0,2,177,0.05453584674044002,0.05453584674044002,0.6290411191269034,133.04358827859505,0.0
16,192,1.0,2,34,0.021218166169395442,0.021218166169395418,0.2291590501433265,116.64290691867916,2.42861286636753e-17
16,192,1.0,3,4,0.10774711508356527,0.10774711508356527,1.1861632230395562,121.19301996193698,0.0
16,192,1.0,3,123,0.06588522530772889,0.06588522530772888,0.7006612018185101,113.09413116165975,1.3877787807814457e-17
16,192,1.0,3,36,0.035336888223477164,0.03533688822347718,0.39900075389421064,127.49431708611067,1.3877787807814457e-17
16,192,1.0,3,110,0.0961688196077636,0.09616881960776363,0.9758456702090039,102.96596832112346,2.7755575615628914e-17
16,192,1.0,3,159,0.051964078212651525,0.05196407821265153,0.61928918014865,142.0301445816358,6.938893903907228e-18
16,192,1.0,3,147,0.04224615763223242,0.04224615763223241,0.4535452278144074,115.25685715585709,6.938893903907228e-18
16,192,1.0,3,109,0.03950996036379926,0.03950996036379925,0.4470173687036598,128.00755653166158,6.938893903907228e-18
16,192,1.0,3,37,0.0014691420364598717,0.001469142036459861,0.016256862287769014,122.44636104397782,1.0625181290357943e-17
16,192,1.0,3,5,0.11918023856769436,0.11918023856769436,1.4721246137727726,152.57404046693682,0.0
16,192,1.0,3,0,0.10991248263100348,0.10991248263100349,1.305059749888163,140.98300268359102,1.3877787807814457e-17
16,192,1.0,3,174,0.08287828228496869,0.0828782822849687,0.8796941789762363,112.66316657408657,1.3877787807814457e-17
16,192,1.0,3,21,0.016726287833411943,0.01672628783341195,0.20963141009886543,157.07735484330996,6.938893903907228e-18
16,192,1.0,3,172,0.002984967283137334,0.0029849672831373368,0.0322639059092622,116.83009616620376,2.6020852139652106e-18
16,192,1.0,3,20,0.052765466462989526,0.05276546646298952,0.5736644079820077,118.19966556589661,6.938893903907228e-18
16,192,1.0,3,86,0.089814470456573,0.08981447045657301,1.125280074398931,156.97432717752238,1.3877787807814457e-17
16,192,1.0,3,64,0.04099606706018325,0.040996067060183244,0.4688459861351517,130.79044422934356,6.938893903907228e-18
16,192,1.0,3,99,0.16064250135921557,0.1606425013592156,1.698093688721889,111.73838238904884,2.7755575615628914e-17
16,192,1.0,3,55,0.04499298448675705,0.04499298448675707,0.47995728505555313,113.79300659176371,2.0816681711721685e-17
16,192,1.0,3,46,0.05326509208281431,0.053265092082814304,0.6464465692237296,147.29225311355674,6.938893903907228e-18
16,192,1.0,3,71,0.002474589095423051,0.002474589095423065,0.027918263904592955,127.28306562467547,1.3877787807814457e-17
16,192,1.0,4,77,0.042595674403878,0.042595674403878,0.49841663207029585,136.91595344623158,0.0
16,192,1.0,4,31,0.0634538636053147,0.0634538636053147,0.6648629812522036,109.78630379339478,0.0
16,192,1.0,4,102,0.049811957287369014,0.04981195728736902,0.5977950010796707,144.02482095646482,6.938893903907228e-18
16,192,1.0,4,69,0.1150344780433629,0.11503447804336286,1.2878385450688234,125.33338991793447,4.163336342344337e-17
16,192,1.0,4,113,0.037628171634359164,0.03762817163435918,0.39114300877694896,108.05501094352952,1.3877787807814457e-17
16,192,1.0,4,153,0.027523378295999188,0.027523378295999216,0.3404231657588568,152.98002710122435,2.7755575615628914e-17
16,192,1.0,4,108,0.031503003417205785,0.031503003417205765,0.3275678174180099,108.11813195230879,2.0816681711721685e-17
16,192,1.0,4,65,0.021710151494290546,0.021710151494290546,0.26531699770573924,149.34972954543937,0.0
16,192,1.0,4,189,0.004723769708798254,0.004723769708798247,0.05427452115984499,132.0123515539534,6.938893903907228e-18
16,192,1.0,4,157,0.11546124590673769,0.11546124590673769,1.1823335521452853,104.85944366008516,0.0
16,192,1.0,4,80,0.007267513339376991,0.007267513339376985,0.0788377509492415,117.67840615888636,6.071532165918825e-18
16,192,1.0,4,73,0.07863634075156324,0.07863634075156323,0.9124008764576816,134.6247146398506,1.3877787807814457e-17
16,192,1.0,4,159,0.1374872618585174,0.13748726185851737,1.531046060516517,124.00853790858821,2.7755575615628914e-17
16,192,1.0,4,51,0.11868645651696906,0.11868645651696912,1.3847511202830884,136.12601239805144,5.551115123125783e-17
16,192,1.0,4,176,0.11263875635740796,0.11263875635740797,1.3411838037095598,141.77540834428936,1.3877787807814457e-17
16,192,1.0,4,188,0.09066189648930913,0.09066189648930913,0.9967876471226704,120.88034630892491,0.0
16,192,1.0,4,9,0.048335977603847564,0.048335977603847564,0.5597618185971851,134.11134879321452,0.0
16,192,1.0,4,91,0.12560272072636403,0.12560272072636405,1.4601183363317691,135.13816454213332,2.7755575615628914e-17
16,192,1.0,4,35,0.024957698607748557,0.02495769860774856,0.28902910291049233,134.11398842587076,3.469446951953614e-18
16,192,1.0,4,109,0.11225768636516648,0.11225768636516648,1.25472969089973,124.9304129483947,0.0
16,192,1.0,5,167,0.3198774964724836,0.3198774964724836,4.019792989575734,157.9210417509822,0.0
16,192,1.0,5,98,0.11620898036686853,0.11620898036686853,1.248112711997678,115.35282414921059,0.0
16,192,1.0,5,122,0.06391928000411017,0.06391928000411017,0.7394911652620779,133.84502430179228,0.0
16,192,1.0,5,151,0.020075410338389773,0.02007541033838978,0.20710232098189696,106.42436563399258,6.938893903907228e-18
16,192,1.0,5,116,0.07655236463061245,0.07655236463061245,0.8692282344794866,128.92894504660362,0.0
16,192,1.0,5,147,0.12297702599565728,0.1229770259956573,1.3612883713252502,122.53278287584686,1.3877787807814457e-17
16,192,1.0,5,166,0.17430755429924752,0.1743075542992475,1.8637353174685094,114.32364204439156,2.7755575615628914e-17
16,192,1.0,5,56,0.07573523273679258,0.07573523273679258,0.8239961489852194,118.37348541768883,0.0
16,192,1.0,5,39,0.10281082017116003,0.10281082017116006,1.3110344194098857,162.6112318573763,2.7755575615628914e-17
16,192,1.0,5,190,0.10284729608140422,0.10284729608140422,1.2000031122516188,136.13788153530174,0.0
16,192,1.0,5,175,0.0799426670554409,0.0799426670554409,0.906042473299792,128.4516974127085,0.0
16,192,1.0,5,166,0.17430755429924752,0.1743075542992475,1.8637353174685094,114.32364204439156,2.7755575615628914e-17
16,192,1.0,5,179,0.100191516327332,0.100191516327332,1.0694575652199263,113.93711412345323,0.0
16,192,1.0,5,15,0.006978839645654222,0.006978839645654213,0.07919770507157509,128.7830644593925,8.673617379884035e-18
16,192,1.0,5,171,0.026374130744968666,0.026374130744968655,0.34098591395745803,167.15392079602458,1.0408340855860843e-17
16,192,1.0,5,81,0.014005595273174494,0.014005595273174484,0.15266586710909502,118.81759381260628,1.0408340855860843e-17
16,192,1.0,5,112,0.05695103855583631,0.056951038555836324,0.6768672965573108,141.25497937108082,1.3877787807814457e-17
16,192,1.0,5,94,0.11917714125997324,0.11917714125997327,1.3516794717734766,128.63569845363435,2.7755575615628914e-17
16,192,1.0,5,102,0.06118633627587815,0.06118633627587815,0.6865164264789487,125.89050274823066,0.0
16,192,1.0,5,72,0.06177277234635883,0.061772772346358806,0.6778979997300993,120.42995367039984,2.0816681711721685e-17
16,320,1.0,0,28,0.022133237498945003,0.022133237498945017,0.25328178813818925,130.9537799575961,1.3877787807814457e-17
16,320,1.0,0,201,0.09155627174425171,0.09155627174425167,1.0058359679110715,120.69189998735358,4.163336342344337e-17
16,320,1.0,0,256,0.13873177299063286,0.13873177299063286,1.7413285491570423,157.54679313308492,0.0
16,320,1.0,0,68,0.07286208334831555,0.07286208334831554,0.833711305982157,130.9266971724823,1.3877787807814457e-17
16,320,1.0,0,96,0.15168151775742295,0.15168151775742297,1.636307931608266,116.376352084761,2.7755575615628914e-17
16,320,1.0,0,187,0.028529620659710125,0.02852962065971014,0.37573792821338636,173.4515073859534,1.3877787807814457e-17
16,320,1.0,0,278,0.09331482152110107,0.0933148215211011,1.0531604712377982,127.37606870772055,2.7755575615628914e-17
16,320,1.0,0,149,0.044705257936698,0.044705257936697995,0.47512123792993277,112.95141546123742,6.938893903907228e-18
16,320,1.0,0,34,0.11467546040105304,0.11467546040105302,1.245576020301074,117.97758242902067,2.7755575615628914e-17
16,320,1.0,0,156,0.028856268125570784,0.028856268125570777,0.32533720768282537,127.1121721951699,6.938893903907228e-18
16,320,1.0,0,102,0.014524557660030826,0.014524557660030841,0.16788260051636028,133.59971931921467,1.5612511283791264e-17
16,320,1.0,0,78,0.036117829069744395,0.03611782906974438,0.4090148963335336,128.2433853533777,1.3877787807814457e-17
16,320,1.0,0,240,0.11936374879754644,0.11936374879754644,1.3116740938060185,120.75551715021781,0.0
16,320,1.0,0,285,0.08163162681586207,0.08163162681586204,0.9256165194023733,128.57167167858083,2.7755575615628914e-17
16,320,1.0,0,93,0.13454781212887962,0.13454781212887965,1.512363501949836,126.3453013544826,2.7755575615628914e-17
16,320,1.0,0,180,0.06677650846620121,0.0667765084662012,0.821030574512029,151.17196057543822,1.3877787807814457e-17
16,320,1.0,0,22,0.030280411599015192,0.03028041159901518,0.36802753947508293,147.71924790967472,1.0408340855860843e-17
16,320,1.0,0,197,0.14079181640108826,0.1407918164010882,1.551332450624833,121.41013173786368,5.551115123125783e-17
16,320,1.0,0,206,0.06366398659463449,0.06366398659463447,0.6705233137029967,110.92772457063052,1.3877787807814457e-17
16,320,1.0,0,64,0.12647990769133854,0.12647990769133854,1.3819840132085908,119.3886271763813,0.0
16,320,1.0,1,157,0.031193416864545402,0.03119341686454541,0.3693861481336125,140.22818495512547,6.938893903907228e-18
16,320,1.0,1,284,0.09968941253942368,0.09968941253942366,1.0775129814352629,116.82800178783732,1.3877787807814457e-17
16,320,1.0,1,99,0.06749645960933766,0.06749645960933767,0.792522894645904,137.867419680824,1.3877787807814457e-17
16,320,1.0,1,145,0.05393529457060651,0.053935294570606515,0.5992871706810412,123.45931163364847,6.938893903907228e-18
16,320,1.0,1,228,0.023962890629489912,0.023962890629489905,0.24983957899567377,108.70363517901039,6.938893903907228e-18
16,320,1.0,1,136,0.11635335502892434,0.11635335502892433,1.3188658702122789,128.4823401410983,1.3877787807814457e-17
16,320,1.0,1,77,0.06348005801055803,0.063480058010558,0.7017618975073967,122.20949195688198,2.7755575615628914e-17
16,320,1.0,1,311,0.028731846903988507,0.0287318469039885,0.28438151592903926,97.96606014471303,6.938893903907228e-18
16,320,1.0,1,141,0.0327697227741343,0.0327697227741343,0.4168634246695282,161.82367117288197,0.0
16,320,1.0,1,12,0.05336052265634401,0.05336052265634403,0.6165236572280759,133.49326106963167,2.0816681711721685e-17
16,320,1.0,1,179,0.081882321285616,0.08188232128561598,0.9915718471022639,146.64527806947018,1.3877787807814457e-17
16,320,1.0,1,292,0.012664627524153194,0.012664627524153186,0.129989336987836,105.34904777354392,8.673617379884035e-18
16,320,1.0,1,67,0.10166188380768261,0.10166188380768264,1.1412030826560429,126.01132155385557,2.7755575615628914e-17
16,320,1.0,1,120,0.1894758107807912,0.18947581078079123,2.2742216392139114,144.06484848514663,2.7755575615628914e-17
16,320,1.0,1,159,0.050031384203231756,0.05003138420323174,0.585768125510397,137.07758191119265,1.3877787807814457e-17
16,320,1.0,1,195,0.026670746647449284,0.026670746647449284,0.2917448976771053,119.6564712233834,0.0
16,320,1.0,1,142,0.023643113896274326,0.023643113896274322,0.2868726017163423,147.22067193434694,3.469446951953614e-18
16,320,1.0,1,248,0.07740585822556753,0.07740585822556757,0.8331980293001169,115.86407740090912,4.163336342344337e-17
16,320,1.0,1,42,0.005366531638255198,0.005366531638255209,0.055888960244381725,108.4587692815315,1.1275702593849246e-17
16,320,1.0,1,118,0.07457039522223045,0.07457039522223047,0.8246121090589074,122.28312426029731,1.3877787807814457e-17
16,320,1.0,2,98,0.05181823630979333,0.05181823630979331,0.47516467488848946,84.08587319696692,1.3877787807814457e-17
16,320,1.0,2,245,0.0815590061056852,0.0815590061056852,0.8416009858559843,106.48014199438916,0.0
16,320,1.0,2,42,0.08330548549574006,0.08330548549574004,0.9646523285123498,134.08939596547208,1.3877787807814457e-17
16,320,1.0,2,236,0.07843474896711318,0.07843474896711315,0.9374992392750205,142.86466467202862,2.7755575615628914e-17
16,320,1.0,2,112,0.03580637276431293,0.03580637276431293,0.39784676959543264,123.45566265776156,0.0
16,320,1.0,2,281,0.026075959450240657,0.026075959450240663,0.28465691982963914,119.16889089189374,6.938893903907228e-18
16,320,1.0,2,197,0.1370113265148761,0.1370113265148761,1.5469912185646526,127.48607626275262,0.0
16,320,1.0,2,110,0.06659104132034148,0.06659104132034147,0.7365605535226447,122.34473948964046,1.3877787807814457e-17
16,320,1.0,2,148,0.12307493624348566,0.12307493624348566,1.3682168314270835,123.58638200818415,0.0
16,320,1.0,2,306,0.02594774248404485,0.025947742484044852,0.3067432802054051,139.74972327277084,3.469446951953614e-18
16,320,1.0,2,13,0.03603604059400256,0.036036040594002554,0.41707341804873455,133.9525197571624,6.938893903907228e-18
16,320,1.0,2,78,0.00895115815639975,0.008951158156399738,0.09811581067506392,120.14882604172087,1.214306433183765e-17
16,320,1.0,2,39,0.020777728399609438,0.020777728399609445,0.21363243929706321,105.71540276619663,6.938893903907228e-18
16,320,1.0,2,59,0.021134759776564333,0.02113475977656435,0.22875414577600983,117.15027584510517,1.734723475976807e-17
16,320,1.0,2,147,0.03638084021121644,0.03638084021121642,0.3947861197588054,117.75471353305176,2.0816681711721685e-17
16,320,1.0,2,120,0.24206355267019347,0.24206355267019347,2.9143221394174423,144.9493610083347,0.0
16,320,1.0,2,85,0.021716430197901475,0.021716430197901482,0.23484622691853074,116.94732746099766,6.938893903907228e-18
16,320,1.0,2,12,0.08550667269008612,0.0855066726900861,1.0119737884375088,140.067866435453,1.3877787807814457e-17
16,320,1.0,2,90,0.07238918166225988,0.07238918166225988,0.7686893334262448,112.75982033809328,0.0
16,320,1.0,2,207,0.003024594247635745,0.0030245942476357555,0.03290731695170246,118.37246859323501,1.0408340855860843e-17
16,320,1.0,3,176,0.011263996573037869,0.011263996573037855,0.12794884843351695,129.02912247748952,1.3877787807814457e-17
16,320,1.0,3,51,0.02043799736801485,0.020437997368014854,0.23170709274517787,128.52925151014944,3.469446951953614e-18
16,320,1.0,3,37,0.11642307207650196,0.11642307207650195,1.4393080525603568,152.8373153485869,1.3877787807814457e-17
16,320,1.0,3,205,0.14187258692978202,0.141872586929782,1.5854722158588763,124.88788071517281,2.7755575615628914e-17
16,320,1.0,3,275,0.008032243770674756,0.008032243770674762,0.08712661186519144,117.65974170663887,5.204170427930421e-18
16,320,1.0,3,286,0.08634377294549468,0.08634377294549467,1.071276788768821,153.93640729643914,1.3877787807814457e-17
16,320,1.0,3,102,0.1325911182065704,0.1325911182065704,1.3991745386588148,111.35633286816173,0.0
16,320,1.0,3,87,0.04426072648888873,0.04426072648888873,0.484961484375261,120.05421723474217,0.0
16,320,1.0,3,118,0.025347309978999262,0.025347309978999255,0.29511865970611506,135.55938434407028,6.938893903907228e-18
16,320,1.0,3,4,0.1189549134304194,0.11895491343041939,1.499467142602532,158.89459951268148,1.3877787807814457e-17
16,320,1.0,3,305,0.08298195417740699,0.08298195417740699,0.9790795898772815,139.2094374630892,0.0
16,320,1.0,3,285,0.05891797172422452,0.05891797172422452,0.7008197997219532,141.48719962299143,0.0
16,320,1.0,3,281,0.06723926048668533,0.06723926048668533,0.7679069189297811,130.42814110849253,0.0
16,320,1.0,3,258,0.0914393213995478,0.0914393213995478,1.079183106141119,139.29139490420684,0.0
16,320,1.0,3,186,0.0010669485949448916,0.001066948594944884,0.011610683804731625,118.4209673433015,7.589415207398531e-18
16,320,1.0,3,161,0.020652149986682668,0.020652149986682654,0.21009886829433366,103.49440813070453,1.3877787807814457e-17
16,320,1.0,3,256,0.05155121810628685,0.051551218106286836,0.6397690842764727,154.01699158210025,1.3877787807814457e-17
16,320,1.0,3,120,0.10912265373763545,0.10912265373763544,1.1961665641936494,120.15821810858613,1.3877787807814457e-17
16,320,1.0,3,184,0.005122519220564385,0.005122519220564371,0.06084678759331563,141.0938603309703,1.3877787807814457e-17
16,320,1.0,3,157,0.03710514928149408,0.037105149281494096,0.41590125431474156,125.63541942047434,1.3877787807814457e-17
16,320,1.0,4,196,0.034832504723840356,0.034832504723840356,0.39283173944288574,127.18729493278585,0.0
16,320,1.0,4,76,0.10527223900271349,0.10527223900271347,1.2896416034120968,150.07569040454266,1.3877787807814457e-17
16,320,1.0,4,293,0.09815570043057491,0.09815570043057492,1.0457614556243628,113.51002214302702,1.3877787807814457e-17
16,320,1.0,4,85,0.02893632938012102,0.02893632938012103,0.30611996303593747,111.91709422997985,6.938893903907228e-18
16,320,1.0,4,218,0.014860726274269022,0.014860726274269008,0.16560200944758563,124.1798511611934,1.3877787807814457e-17
16,320,1.0,4,64,0.004810844695317136,0.004810844695317138,0.05643713825385044,137.62181895228215,1.734723475976807e-18
16,320,1.0,4,75,0.07425394177189007,0.07425394177189008,0.832449688028567,125.6831229715195,1.3877787807814457e-17
16,320,1.0,4,13,0.07416872721766415,0.07416872721766415,0.849945058581761,131.32277583305785,0.0
16,320,1.0,4,191,0.1748179233108317,0.1748179233108317,1.746880468767241,99.85147038989177,0.0
16,320,1.0,4,226,0.05182454299889081,0.051824542998890805,0.6174197069949705,141.9351668031963,6.938893903907228e-18
16,320,1.0,4,244,0.09857784166737125,0.09857784166737127,1.0495096709801033,113.34810905971332,1.3877787807814457e-17
16,320,1.0,4,287,0.06488475254704995,0.06488475254704994,0.6875785030592017,112.29470404600599,1.3877787807814457e-17
16,320,1.0,4,96,0.06588330762410177,0.06588330762410177,0.6966013041551351,111.79381514708965,0.0
16,320,1.0,4,154,0.01614807161491658,0.016148071614916583,0.18069545948461485,125.21407394488537,3.469446951953614e-18
16,320,1.0,4,304,0.07833686118607244,0.07833686118607246,0.8544498679775212,118.97092593691818,1.3877787807814457e-17
16,320,1.0,4,211,0.03889847223737631,0.038898472237376296,0.45888456633333163,139.1687779525663,1.3877787807814457e-17
16,320,1.0,4,63,0.09764637811093808,0.09764637811093808,1.143560421639625,137.15320289330361,0.0
16,320,1.0,4,242,0.03397710016155876,0.033977100161558756,0.38244255121906434,126.69509234397665,6.938893903907228e-18
16,320,1.0,4,65,0.0208084236737485,0.020808423673748497,0.21468804970776034,106.44796857175947,3.469446951953614e-18
16,320,1.0,4,165,0.18963237400797725,0.1896323740079772,2.2339383582720265,138.7769717822247,5.551115123125783e-17
16,320,1.0,5,314,0.011216562275819405,0.011216562275819403,0.11920666503928867,112.94877692820214,1.734723475976807e-18
16,320,1.0,5,30,0.07598884891912898,0.07598884891912899,0.8515442219953826,125.57832361026686,1.3877787807814457e-17
16,320,1.0,5,165,0.006498023769437179,0.006498023769437169,0.08163391431845168,157.82603689597948,1.0408340855860843e-17
16,320,1.0,5,256,0.08513184511848988,0.08513184511848985,0.9424414465154061,122.55320175943648,2.7755575615628914e-17
16,320,1.0,5,175,0.03813194232223975,0.03813194232223975,0.42086082419252113,121.81454512217056,0.0
16,320,1.0,5,66,0.04976126501143257,0.04976126501143259,0.5718500975328054,132.06312643531533,2.0816681711721685e-17
16,320,1.0,5,215,0.026954371459048897,0.026954371459048897,0.31559136821489253,137.08559276544807,0.0
16,320,1.0,5,273,0.020530155864563505,0.0205301558645635,0.23492693963601274,130.9426570857155,6.938893903907228e-18
16,320,1.0,5,78,0.027354310810916407,0.027354310810916407,0.311194303110637,129.42307717507526,0.0
16,320,1.0,5,299,0.061377674080564285,0.06137767408056426,0.6775534845998741,121.86144199748146,2.7755575615628914e-17
16,320,1.0,5,247,0.047652160047495465,0.04765216004749545,0.556540723575575,136.40450475592408,1.3877787807814457e-17
16,320,1.0,5,168,0.003408700255663655,0.0034087002556636606,0.03851735839060222,127.68367166518638,5.637851296924623e-18
16,320,1.0,5,73,0.17146635767877386,0.17146635767877388,1.9755144590447862,132.74023439871002,2.7755575615628914e-17
16,320,1.0,5,184,0.09549664407058323,0.09549664407058323,1.0449127172019725,119.72471441802855,0.0
16,320,1.0,5,40,0.05714840645515754,0.05714840645515755,0.6170737138629234,116.59121916670715,6.938893903907228e-18
16,320,1.0,5,212,0.01030218973114512,0.01030218973114512,0.1172038034583025,129.4268326815921,0.0
16,320,1.0,5,93,0.09538886899732221,0.09538886899732223,1.134660176249914,141.49341414567493,1.3877787807814457e-17
16,320,1.0,5,103,0.03034374198502447,0.030343741985024472,0.3698773203022503,148.58573996221696,3.469446951953614e-18
16,320,1.0,5,292,0.00413474139669831,0.004134741396698299,0.05070398707883239,150.37911267505854,1.1275702593849246e-17
16,320,1.0,5,278,0.007799316838507162,0.007799316838507162,0.08548679509516366,120.13925775807584,0.0
