d,n,omega,seed,row_index,eta_col_sum_excl,delta_E1,abs_r_l,drop_E1
4,48,1.0,0,46,46.33917406368979,-0.2406581398260812,0.13788962357735413,0.2406581398260812
4,48,1.0,0,40,46.947793868290184,0.022607115371613418,0.5576417282678054,-0.022607115371613418
4,48,1.0,0,21,41.9620212974309,0.3908730943701286,0.6288564121669831,-0.3908730943701286
4,48,1.0,0,7,42.55194190780926,-0.28041804874386145,0.7443353819341447,0.28041804874386145
4,48,1.0,0,29,53.47576947844411,-0.11564059001518245,0.049990009361687626,0.11564059001518245
4,48,1.0,0,6,35.694765017044205,-0.8679201453116612,1.3735922392543403,0.8679201453116612
4,48,1.0,0,38,33.1023840518155,0.8116990974694858,0.6858713265333569,-0.8116990974694858
4,48,1.0,0,1,41.074133328651314,-0.8242296156106725,0.6525950479393758,0.8242296156106725
4,48,1.0,0,40,46.947793868290184,0.022607115371613418,0.5576417282678054,-0.022607115371613418
4,48,1.0,0,37,54.31224680961357,2.341042220331822,1.1114576654688215,-2.341042220331822
4,48,1.0,0,33,38.55426572350958,0.4754199084681332,1.34198056614084,-0.4754199084681332
4,48,1.0,0,15,38.74977446523143,-1.0268970861746958,1.1619906044765247,1.0268970861746958
4,48,1.0,0,9,42.869527854017534,0.26197972943830194,0.8561109636973918,-0.26197972943830194
4,48,1.0,0,26,47.31927311372991,0.32660688542767957,0.7109393643985422,-0.32660688542767957
4,48,1.0,0,44,37.45294513883387,-0.4614498752258669,1.1346926125033816,0.4614498752258669
4,48,1.0,0,10,47.74595307043797,0.010455095106088663,0.03305686596685131,-0.010455095106088663
4,48,1.0,0,6,35.694765017044205,-0.8679201453116612,1.3735922392543403,0.8679201453116612
4,48,1.0,0,26,47.31927311372991,0.32660688542767957,0.7109393643985422,-0.32660688542767957
4,48,1.0,0,26,47.31927311372991,0.32660688542767957,0.7109393643985422,-0.32660688542767957
4,48,1.0,0,47,52.89059921232463,4.571964860342007,1.598617085985558,-4.571964860342007
4,48,1.0,1,46,49.20019669787344,0.7717963615185042,1.3303658119009176,-0.7717963615185042
4,48,1.0,1,0,45.68184198688338,0.2975071179570392,2.267405096732947,-0.2975071179570392
4,48,1.0,1,5,56.34614652478057,-0.6516742071429746,0.20600494067811126,0.6516742071429746
4,48,1.0,1,1,47.41996848053749,-3.188480364122441,1.2695049646379717,3.188480364122441
4,48,1.0,1,21,42.74228862806259,-0.14055361768413377,0.12422423845379216,0.14055361768413377
4,48,1.0,1,38,47.46197282856431,-0.4545194715150558,0.7930955147326935,0.4545194715150558
4,48,1.0,1,8,47.85525210828795,-1.0423205561181135,0.374509517611898,1.0423205561181135
4,48,1.0,1,31,41.463807282547364,0.1590238819171148,0.805587008056436,-0.1590238819171148
4,48,1.0,1,18,43.626800628334756,-0.904846668831695,0.5058591424023029,0.904846668831695
4,48,1.0,1,41,43.75321403292642,-2.579920129446613,0.5912912256840217,2.579920129446613
4,48,1.0,1,42,40.051990953631226,0.32440773861829086,1.0515515982205494,-0.32440773861829086
4,48,1.0,1,40,42.009495131303595,-1.569961748566655,1.0183940106198812,1.569961748566655
4,48,1.0,1,0,45.68184198688338,0.2975071179570392,2.267405096732947,-0.2975071179570392
4,48,1.0,1,42,40.051990953631226,0.32440773861829086,1.0515515982205494,-0.32440773861829086
4,48,1.0,1,8,47.85525210828795,-1.0423205561181135,0.374509517611898,1.0423205561181135
4,48,1.0,1,12,35.47733114354502,1.0974848920360074,0.4063924633548419,-1.0974848920360074
4,48,1.0,1,6,42.07157395269279,-0.16061248274606754,0.5124416169288919,0.16061248274606754
4,48,1.0,1,43,52.14137580151352,1.3927987511312594,0.6522956986522557,-1.3927987511312594
4,48,1.0,1,47,56.94333943355358,1.2768815895002774,0.7486449508777193,-1.2768815895002774
4,48,1.0,1,11,51.82462227461416,0.18773884242216354,0.13829149639387794,-0.18773884242216354
4,48,1.0,2,10,51.18319788566875,-0.15774075132326004,0.5070815407589011,0.15774075132326004
4,48,1.0,2,31,39.872969898393755,-0.8297983458004126,0.292665287459533,0.8297983458004126
4,48,1.0,2,6,44.22571375668012,-1.0665235133393764,0.9907630336295674,1.0665235133393764
4,48,1.0,2,11,43.82417452330757,0.7283905200198788,0.816017451691569,-0.7283905200198788
4,48,1.0,2,32,42.1843463764139,1.184316098395918,0.7947514052056395,-1.184316098395918
4,48,1.0,2,42,53.32089587153891,-3.0720799682989117,0.7205181752085288,3.0720799682989117
4,48,1.0,2,4,42.599986573875476,-2.3578710007781822,0.770862025226609,2.3578710007781822
4,48,1.0,2,37,49.0578803195457,1.1857011914898905,0.7870236153761272,-1.1857011914898905
4,48,1.0,2,46,47.742818467772196,0.8486174688148864,1.3705177975123228,-0.8486174688148864
4,48,1.0,2,1,45.116479285396764,-0.7880385385744049,0.26175697109773344,0.7880385385744049
4,48,1.0,2,24,42.23360007735964,0.7915707460805379,0.3988778526338419,-0.7915707460805379
4,48,1.0,2,29,48.19106932742859,1.7333157540682578,1.5472421070390114,-1.7333157540682578
4,48,1.0,2,40,42.652373619648856,1.005508995160966,0.9275970676277794,-1.005508995160966
4,48,1.0,2,29,48.19106932742859,1.7333157540682578,1.5472421070390114,-1.7333157540682578
4,48,1.0,2,39,43.725311372357446,3.3436248201804872,0.7799188297628845,-3.3436248201804872
4,48,1.0,2,32,42.1843463764139,1.184316098395918,0.7947514052056395,-1.184316098395918
4,48,1.0,2,7,58.33732225001903,-2.1369234993092476,1.0648408334120085,2.1369234993092476
4,48,1.0,2,12,35.262226815667574,-0.4405025515190104,0.3203338971224503,0.4405025515190104
4,48,1.0,2,28,43.42704586727961,-0.4773873976101939,0.19218948002966973,0.4773873976101939
4,48,1.0,2,10,51.18319788566875,-0.15774075132326004,0.5070815407589011,0.15774075132326004
4,48,1.0,3,34,41.986875872336896,-2.033953409869177,0.671703542781547,2.033953409869177
4,48,1.0,3,5,56.56167511069916,-0.6412978106531142,0.16648849825481427,0.6412978106531142
4,48,1.0,3,36,46.564172150601564,0.6538396582566719,0.2702740892257891,-0.6538396582566719
4,48,1.0,3,10,49.435572984491515,-0.009835192559918937,0.612138629808767,0.009835192559918937
4,48,1.0,3,13,46.18154972463584,-0.3642877758232146,0.10526253879044045,0.3642877758232146
4,48,1.0,3,26,41.84501404396811,-0.19554766076313967,0.08670052577246512,0.19554766076313967
4,48,1.0,3,39,34.53863450862629,-2.5348819204421744,1.1635755359561628,2.5348819204421744
4,48,1.0,3,8,47.029055929585056,-0.9804415168011857,1.1871848504134568,0.9804415168011857
4,48,1.0,3,39,34.53863450862629,-2.5348819204421744,1.1635755359561628,2.5348819204421744
4,48,1.0,3,12,59.62552567856316,1.4972955886174617,0.4578570854107209,-1.4972955886174617
4,48,1.0,3,41,50.911374599147145,0.5364158887284916,0.26057339339440455,-0.5364158887284916
4,48,1.0,3,46,55.3087527947761,2.7041070681296304,1.153549232269726,-2.7041070681296304
4,48,1.0,3,5,56.56167511069916,-0.6412978106531142,0.16648849825481427,0.6412978106531142
4,48,1.0,3,17,31.40252293247861,-1.231327701722737,1.6577997686316186,1.231327701722737
4,48,1.0,3,6,44.85414143061544,-0.9872473127829267,0.228821397781255,0.9872473127829267
4,48,1.0,3,24,41.67997768051251,2.191049333830847,0.6829612074610982,-2.191049333830847
4,48,1.0,3,46,55.3087527947761,2.7041070681296304,1.153549232269726,-2.7041070681296304
4,48,1.0,3,34,41.986875872336896,-2.033953409869177,0.671703542781547,2.033953409869177
4,48,1.0,3,24,41.67997768051251,2.191049333830847,0.6829612074610982,-2.191049333830847
4,48,1.0,3,38,42.68564443432118,1.1240537945838582,0.4923205192775564,-1.1240537945838582
4,48,1.0,4,17,49.274094909593515,0.07785729263600416,0.17679426256180797,-0.07785729263600416
4,48,1.0,4,14,55.351818398895034,-0.6244908876183288,0.35476596573257213,0.6244908876183288
4,48,1.0,4,44,45.35070806554988,-0.1410632438246502,0.2295369254503905,0.1410632438246502
4,48,1.0,4,18,48.5186987422384,0.7408857672651266,0.8839973394006697,-0.7408857672651266
4,48,1.0,4,42,51.53534716749149,0.5010636037397873,1.1281464590690973,-0.5010636037397873
4,48,1.0,4,35,59.10696831710557,0.6214892115407764,0.5266629214339846,-0.6214892115407764
4,48,1.0,4,42,51.53534716749149,0.5010636037397873,1.1281464590690973,-0.5010636037397873
4,48,1.0,4,22,47.55012963249607,1.5140936516896204,1.243056632031271,-1.5140936516896204
4,48,1.0,4,39,38.39976258761879,-0.6899046446716177,0.4394521781264187,0.6899046446716177
4,48,1.0,4,46,51.651699875053424,0.5540817810622052,0.24632030352270817,-0.5540817810622052
4,48,1.0,4,45,37.547627087891996,-0.2465273098160452,0.14851623147963178,0.2465273098160452
4,48,1.0,4,12,40.6934662079963,2.4457736269907144,2.399934398967593,-2.4457736269907144
4,48,1.0,4,44,45.35070806554988,-0.1410632438246502,0.2295369254503905,0.1410632438246502
4,48,1.0,4,47,45.59738552168962,1.8094074618767806,1.3436608346224177,-1.8094074618767806
4,48,1.0,4,9,43.01874286529652,-0.030770994124498685,0.014630943444268851,0.030770994124498685
4,48,1.0,4,37,35.793511514888536,-0.15723989482987832,0.20790053345424875,0.15723989482987832
4,48,1.0,4,29,46.03369107615537,0.49349274371064666,0.4942891608732318,-0.49349274371064666
4,48,1.0,4,21,51.634806055342196,0.12589653154632785,0.6665472446177712,-0.12589653154632785
4,48,1.0,4,22,47.55012963249607,1.5140936516896204,1.243056632031271,-1.5140936516896204
4,48,1.0,4,10,46.629685733949216,-0.2540671986724128,0.4116617880424447,0.2540671986724128
4,48,1.0,5,39,42.155193690358274,-3.2679785086246156,0.868313033258707,3.2679785086246156
4,48,1.0,5,31,41.15852826658648,0.7429274937380619,0.3518829691709562,-0.7429274937380619
4,48,1.0,5,33,40.948776554804844,0.17580591698320802,0.32356559162220666,-0.17580591698320802
4,48,1.0,5,36,42.16112730759208,6.356951848273276,1.598405822219405,-6.356951848273276
4,48,1.0,5,14,47.36233901244285,-2.7405618096501954,0.7199427689352507,2.7405618096501954
4,48,1.0,5,34,43.795756618759135,-0.3155493725248064,0.08933861172738133,0.3155493725248064
4,48,1.0,5,40,53.358029505644936,-2.017356862746233,0.977116950177767,2.017356862746233
4,48,1.0,5,36,42.16112730759208,6.356951848273276,1.598405822219405,-6.356951848273276
4,48,1.0,5,34,43.795756618759135,-0.3155493725248064,0.08933861172738133,0.3155493725248064
4,48,1.0,5,32,44.908697434747474,0.2562992403776043,0.1984204924165911,-0.2562992403776043
4,48,1.0,5,45,48.414713654127645,0.8275300793331155,0.27909370414574663,-0.8275300793331155
4,48,1.0,5,40,53.358029505644936,-2.017356862746233,0.977116950177767,2.017356862746233
4,48,1.0,5,9,46.339097276125415,5.668971970401081,1.5467450918927081,-5.668971970401081
4,48,1.0,5,10,49.93343433988262,0.04676329157199888,0.03156692720914345,-0.04676329157199888
4,48,1.0,5,1,43.9756771977488,-0.1146046657631814,1.2310859421136982,0.1146046657631814
4,48,1.0,5,21,51.9961326149683,0.5342181718261507,0.14740009620324956,-0.5342181718261507
4,48,1.0,5,41,43.66318445206538,0.36518852933145496,0.47237047128510135,-0.36518852933145496
4,48,1.0,5,45,48.414713654127645,0.8275300793331155,0.27909370414574663,-0.8275300793331155
4,48,1.0,5,30,40.993411883267974,6.030794950336677,1.8915177013921418,-6.030794950336677
4,48,1.0,5,14,47.36233901244285,-2.7405618096501954,0.7199427689352507,2.7405618096501954
4,80,1.0,0,35,79.81086577372432,-3.9907608552675313,1.1241926251533485,3.9907608552675313
4,80,1.0,0,51,86.08807356144055,-2.046776213486922,1.569270283130132,2.046776213486922
4,80,1.0,0,53,66.81330209313018,0.6044197045835489,0.2952510269163442,-0.6044197045835489
4,80,1.0,0,71,74.47139890683334,2.423401439775972,0.7404167857478763,-2.423401439775972
4,80,1.0,0,28,79.61280875080882,-2.5328705259223625,0.976619028367794,2.5328705259223625
4,80,1.0,0,51,86.08807356144055,-2.046776213486922,1.569270283130132,2.046776213486922
4,80,1.0,0,69,96.50971647299139,0.9111467714748755,0.2066653244506682,-0.9111467714748755
4,80,1.0,0,4,80.05791919019123,-0.672860166861156,1.4676994596050932,0.672860166861156
4,80,1.0,0,20,70.96153993583269,-0.03077710368471287,0.058218047427866626,0.03077710368471287
4,80,1.0,0,29,64.98050158780964,0.2795668362176542,0.15389032109418554,-0.2795668362176542
4,80,1.0,0,4,80.05791919019123,-0.672860166861156,1.4676994596050932,0.672860166861156
4,80,1.0,0,4,80.05791919019123,-0.672860166861156,1.4676994596050932,0.672860166861156
4,80,1.0,0,35,79.81086577372432,-3.9907608552675313,1.1241926251533485,3.9907608552675313
4,80,1.0,0,14,66.47838344141056,-0.10262365642431348,0.21812558164026452,0.10262365642431348
4,80,1.0,0,77,81.81826832088002,4.471134609096254,0.7715604048557341,-4.471134609096254
4,80,1.0,0,29,64.98050158780964,0.2795668362176542,0.15389032109418554,-0.2795668362176542
4,80,1.0,0,16,76.77785421573927,-1.256311797253744,0.43126607104984727,1.256311797253744
4,80,1.0,0,60,83.1814633821214,-2.6739552086060883,0.9932493514166922,2.6739552086060883
4,80,1.0,0,42,71.90087282014731,0.30348627041428244,0.07794414462787591,-0.30348627041428244
4,80,1.0,0,35,79.81086577372432,-3.9907608552675313,1.1241926251533485,3.9907608552675313
4,80,1.0,1,64,75.95633823629345,0.8896331077648085,0.24750132503249045,-0.8896331077648085
4,80,1.0,1,5,71.10455461668477,-1.4772525220067223,1.6893851988721353,1.4772525220067223
4,80,1.0,1,20,72.3630624240817,-1.8724300093104986,0.9700872267089533,1.8724300093104986
4,80,1.0,1,64,75.95633823629345,0.8896331077648085,0.24750132503249045,-0.8896331077648085
4,80,1.0,1,59,78.67599271226365,0.8895780974988199,0.5845744331934748,-0.8895780974988199
4,80,1.0,1,54,83.96363029037977,3.6589646002545066,1.0218233460454482,-3.6589646002545066
4,80,1.0,1,74,78.84754892021957,0.2657311589214686,0.115271895289903,-0.2657311589214686
4,80,1.0,1,6,67.37472076871434,0.25210285938680954,0.23630226026419487,-0.25210285938680954
4,80,1.0,1,36,81.31347043398507,0.126287613476876,0.4390635731730188,-0.126287613476876
4,80,1.0,1,30,93.31715171114055,0.9419447469831255,0.9262839909241289,-0.9419447469831255
4,80,1.0,1,76,73.83012966138573,3.150080740146379,1.297559204003516,-3.150080740146379
4,80,1.0,1,7,69.9916234016783,0.1635957690593841,0.05590250737569624,-0.1635957690593841
4,80,1.0,1,61,75.05960426251056,2.237920121254348,1.3703233311396694,-2.237920121254348
4,80,1.0,1,1,95.88827646896199,-2.0951302457255565,0.8885960020200616,2.0951302457255565
4,80,1.0,1,50,79.75578677135611,0.2345004696941686,0.23697764729501003,-0.2345004696941686
4,80,1.0,1,79,59.40688267792041,-1.3798345499602576,0.9611740168006553,1.3798345499602576
4,80,1.0,1,47,77.14257461816948,1.081630635558895,0.4252235830408626,-1.081630635558895
4,80,1.0,1,73,61.553026672764,-2.011723936195395,0.693399470158536,2.011723936195395
4,80,1.0,1,2,74.01067790315413,0.830773493806312,0.6430377388366462,-0.830773493806312
4,80,1.0,1,10,64.73787668250532,0.34678060952158773,0.21985309160916477,-0.34678060952158773
4,80,1.0,2,23,86.15438560366766,-0.22232111945778144,0.6151937738558761,0.22232111945778144
4,80,1.0,2,51,81.27237081018478,3.906573232028485,0.5586878489294747,-3.906573232028485
4,80,1.0,2,59,64.39869017075395,-0.252329394102496,0.2585799131220545,0.252329394102496
4,80,1.0,2,71,78.12562076158935,8.606405218881193,1.0635978831225787,-8.606405218881193
4,80,1.0,2,79,88.26308721901492,0.6874467686532313,0.6744913318574706,-0.6874467686532313
4,80,1.0,2,54,53.039185853148005,0.05910909562745559,0.06519207392209392,-0.05910909562745559
4,80,1.0,2,47,75.3509650494492,5.253971741657558,1.2855178589326428,-5.253971741657558
4,80,1.0,2,59,64.39869017075395,-0.252329394102496,0.2585799131220545,0.252329394102496
4,80,1.0,2,39,85.30673891593474,-0.2674860898017073,0.08734691802179917,0.2674860898017073
4,80,1.0,2,29,77.43935455232642,-0.4117579268744791,0.2220857306785171,0.4117579268744791
4,80,1.0,2,38,70.84848162021919,2.426261786790171,0.5545634976068912,-2.426261786790171
4,80,1.0,2,51,81.27237081018478,3.906573232028485,0.5586878489294747,-3.906573232028485
4,80,1.0,2,64,79.08767115630603,3.2769665330742015,1.1578300892489581,-3.2769665330742015
4,80,1.0,2,30,86.51011725718509,9.866243383613302,1.6103466468240364,-9.866243383613302
4,80,1.0,2,79,88.26308721901492,0.6874467686532313,0.6744913318574706,-0.6874467686532313
4,80,1.0,2,66,73.2798196159311,10.229070394198352,1.7192147209111366,-10.229070394198352
4,80,1.0,2,45,76.916730878398,0.9485369519242894,0.7140345744163303,-0.9485369519242894
4,80,1.0,2,71,78.12562076158935,8.606405218881193,1.0635978831225787,-8.606405218881193
4,80,1.0,2,33,58.95341931654194,-0.746821713794283,0.3508192826138927,0.746821713794283
4,80,1.0,2,53,70.3315611960604,3.7589524985218574,0.815612891173922,-3.7589524985218574
4,80,1.0,3,11,71.54938355222677,0.48707772355146517,0.13537328154802664,-0.48707772355146517
4,80,1.0,3,61,86.67756440811928,0.7519284493936809,0.33292527118155224,-0.7519284493936809
4,80,1.0,3,14,73.15507055202534,2.9074852243671927,0.7475460603988489,-2.9074852243671927
4,80,1.0,3,43,63.577859885504054,5.383922172332518,1.3497289347196921,-5.383922172332518
4,80,1.0,3,16,74.9305127415647,-1.0231984088083905,1.406112999003652,1.0231984088083905
4,80,1.0,3,62,64.95518562882597,-4.483362518277389,1.7440932096593837,4.483362518277389
4,80,1.0,3,35,87.85491836559362,-0.9526561343832185,0.30749575474568713,0.9526561343832185
4,80,1.0,3,34,67.9695068666538,0.5732989882228026,0.25417354299813644,-0.5732989882228026
4,80,1.0,3,67,63.62564565780811,0.5368631672286597,0.7546359794770021,-0.5368631672286597
4,80,1.0,3,8,96.00584594964764,9.777427193394658,1.3433928376562407,-9.777427193394658
4,80,1.0,3,60,92.47670253940211,-2.0490167381798017,0.709203325947978,2.0490167381798017
4,80,1.0,3,19,72.7887134248713,-1.1092823075337321,0.21331464248902066,1.1092823075337321
4,80,1.0,3,76,83.0027619610295,1.0033685395500669,0.8508458212344354,-1.0033685395500669
4,80,1.0,3,74,80.9015990342813,-1.0670236023060369,0.6355981946814935,1.0670236023060369
4,80,1.0,3,31,77.44047576817162,1.0128053247130993,0.9745626012256368,-1.0128053247130993
4,80,1.0,3,1,57.655650122853416,-0.5259763101303889,0.14345446378074733,0.5259763101303889
4,80,1.0,3,53,72.68150518014743,3.422013873629126,1.1841082621307555,-3.422013873629126
4,80,1.0,3,9,75.19688664646212,-0.028424705726422417,0.20367495392067836,0.028424705726422417
4,80,1.0,3,32,87.83450534198033,-0.4949737015916682,0.125737062472278,0.4949737015916682
4,80,1.0,3,59,86.04411756532839,0.3530240204574113,0.7558510241273226,-0.3530240204574113
4,80,1.0,4,47,70.5038341340825,1.1764137613771055,1.1862211982091253,-1.1764137613771055
4,80,1.0,4,42,92.9409316376859,-1.7581964489740187,1.5236481364828554,1.7581964489740187
4,80,1.0,4,19,72.8300085035553,-0.460488484296107,1.0241739181481748,0.460488484296107
4,80,1.0,4,33,82.53054053949592,-0.7119956830853766,0.18881311892855557,0.7119956830853766
4,80,1.0,4,78,92.69225325309328,-1.6486956499587961,0.6410999683426848,1.6486956499587961
4,80,1.0,4,63,70.68496948027972,3.0636939740515317,0.9102298106195672,-3.0636939740515317
4,80,1.0,4,63,70.68496948027972,3.0636939740515317,0.9102298106195672,-3.0636939740515317
4,80,1.0,4,68,76.25905388248076,-0.1553384983242836,0.04904675382828083,0.1553384983242836
4,80,1.0,4,35,73.53830352590084,-0.8703926785859366,0.22191395162752903,0.8703926785859366
4,80,1.0,4,57,63.650786951163525,-1.6906273295299457,1.627647394635293,1.6906273295299457
4,80,1.0,4,2,62.723691324714174,0.19063381201232232,0.5352706370065232,-0.19063381201232232
4,80,1.0,4,20,68.05383151026496,-1.3158552310623293,1.8545077359820241,1.3158552310623293
4,80,1.0,4,3,67.28251054782343,-0.8554325761810802,0.9679623196059737,0.8554325761810802
4,80,1.0,4,65,94.19240159282302,-0.14598003484456967,0.030727223528778103,0.14598003484456967
4,80,1.0,4,45,66.36237093134957,3.813458161399552,1.3032609546277585,-3.813458161399552
4,80,1.0,4,65,94.19240159282302,-0.14598003484456967,0.030727223528778103,0.14598003484456967
4,80,1.0,4,41,84.26425031998363,-3.467139142880889,0.4677580443921525,3.467139142880889
4,80,1.0,4,64,71.9480007035898,5.098668690639045,0.7758312517436372,-5.098668690639045
4,80,1.0,4,10,71.51984056315085,-0.7756506303213371,0.27854807824696737,0.7756506303213371
4,80,1.0,4,59,80.72352246970102,-0.01843831936901097,0.003507806784104339,0.01843831936901097
4,80,1.0,5,71,83.601449074626,0.033001263610245246,0.031079600836412258,-0.033001263610245246
4,80,1.0,5,28,70.1023403647872,-0.1870240380642798,0.32182227658787,0.1870240380642798
4,80,1.0,5,28,70.1023403647872,-0.1870240380642798,0.32182227658787,0.1870240380642798
4,80,1.0,5,13,72.5560419531156,-1.4302471900444402,0.5832045897920484,1.4302471900444402
4,80,1.0,5,28,70.1023403647872,-0.1870240380642798,0.32182227658787,0.1870240380642798
4,80,1.0,5,42,60.97659714525475,2.3792555821655768,1.412922603955052,-2.3792555821655768
4,80,1.0,5,76,79.6839833808143,-0.8873448156979578,0.5436480958766343,0.8873448156979578
4,80,1.0,5,74,89.23286552154904,0.1970175753173109,0.17183000949826432,-0.1970175753173109
4,80,1.0,5,33,74.04442833983487,-0.9067357198376982,0.3009250687770182,0.9067357198376982
4,80,1.0,5,28,70.1023403647872,-0.1870240380642798,0.32182227658787,0.1870240380642798
4,80,1.0,5,76,79.6839833808143,-0.8873448156979578,0.5436480958766343,0.8873448156979578
4,80,1.0,5,73,71.9145942379309,-0.16088826115523602,0.47293930784193483,0.16088826115523602
4,80,1.0,5,72,67.37160234087514,-1.0017985231243571,0.42549599136614047,1.0017985231243571
4,80,1.0,5,35,66.25847350340686,2.6961440344736047,0.9584976705933976,-2.6961440344736047
4,80,1.0,5,12,83.6136450466641,-0.8165989341637498,0.17423710356125488,0.8165989341637498
4,80,1.0,5,77,67.76458355673188,-2.4920381360643304,1.3847931132911642,2.4920381360643304
4,80,1.0,5,16,65.41516575380972,-0.06954270872182633,0.02443206603149095,0.06954270872182633
4,80,1.0,5,61,65.73802959534619,1.5152464509080943,1.6621750204177486,-1.5152464509080943
4,80,1.0,5,62,93.55440781337376,0.23946251916834882,0.6953632373037932,-0.23946251916834882
4,80,1.0,5,15,75.64316901198266,2.1381581003387566,1.6090926048335734,-2.1381581003387566
8,96,1.0,0,80,102.71639475705042,1.1992054331102793,0.4136848316305666,-1.1992054331102793
8,96,1.0,0,81,84.98354034743932,-1.726298288912048,0.5704426664635593,1.726298288912048
8,96,1.0,0,87,97.20429769333715,-0.5327781844186887,0.6826432991187232,0.5327781844186887
8,96,1.0,0,19,79.4079938159567,-2.4557118259231316,0.671707147562377,2.4557118259231316
8,96,1.0,0,81,84.98354034743932,-1.726298288912048,0.5704426664635593,1.726298288912048
8,96,1.0,0,11,86.41030267397421,1.5898203977982774,1.6238070171930064,-1.5898203977982774
8,96,1.0,0,41,83.87049507264608,-2.6411667212062966,1.0101223078359753,2.6411667212062966
8,96,1.0,0,27,72.34381446533479,-0.74499178545463,0.9008159090135348,0.74499178545463
8,96,1.0,0,66,91.42608733594787,-0.7080523665470508,0.4235921342162454,0.7080523665470508
8,96,1.0,0,26,115.58233322775834,-1.366046671034411,0.47266712395419663,1.366046671034411
8,96,1.0,0,11,86.41030267397421,1.5898203977982774,1.6238070171930064,-1.5898203977982774
8,96,1.0,0,38,91.39490124065756,0.7574292346573515,1.2744591967142926,-0.7574292346573515
8,96,1.0,0,2,85.93062285459061,0.3707637305302143,0.3904231008062089,-0.3707637305302143
8,96,1.0,0,62,95.54334196116983,-0.16804705039008638,0.29488646491543613,0.16804705039008638
8,96,1.0,0,49,88.26745619264418,-0.9979490702227594,0.32278104521110196,0.9979490702227594
8,96,1.0,0,22,97.21957658320059,0.43899860221281983,0.9340508837815114,-0.43899860221281983
8,96,1.0,0,55,91.75449839515025,-2.1058051777096622,1.1044155256575054,2.1058051777096622
8,96,1.0,0,22,97.21957658320059,0.43899860221281983,0.9340508837815114,-0.43899860221281983
8,96,1.0,0,58,96.89561594335389,-0.03847418347018561,0.03140679139816038,0.03847418347018561
8,96,1.0,0,33,99.68031991691066,-0.08547306658024922,0.024716984136698983,0.08547306658024922
8,96,1.0,1,2,86.88700441325517,-2.5517699280074595,1.246751470182129,2.5517699280074595
8,96,1.0,1,88,96.50942463789485,-0.5055841628332445,0.1938779418577039,0.5055841628332445
8,96,1.0,1,22,78.61801788734238,-4.198434273542574,1.0656284896439856,4.198434273542574
8,96,1.0,1,1,97.1618415691895,-1.3222897925068509,0.5285350140958203,1.3222897925068509
8,96,1.0,1,61,92.72904128741902,0.726579594955254,0.697912719366383,-0.726579594955254
8,96,1.0,1,68,101.20525251696321,0.5000012745539237,0.14031885621111106,-0.5000012745539237
8,96,1.0,1,51,96.6964176356655,-0.35658837905911867,0.09696024480033572,0.35658837905911867
8,96,1.0,1,63,94.544038716515,-1.5190550942832317,0.7059330300400055,1.5190550942832317
8,96,1.0,1,34,106.67688226293822,0.03192019342733943,0.3899246631580662,-0.03192019342733943
8,96,1.0,1,22,78.61801788734238,-4.198434273542574,1.0656284896439856,4.198434273542574
8,96,1.0,1,66,74.73548628250383,-2.217884028936254,0.573416812760354,2.217884028936254
8,96,1.0,1,89,81.94378413902916,0.7974787930242684,0.3065069308811399,-0.7974787930242684
8,96,1.0,1,69,92.41172489754915,-1.2761661675622094,1.1799889574798754,1.2761661675622094
8,96,1.0,1,57,118.13519140373454,3.405772522469917,1.1142482602650319,-3.405772522469917
8,96,1.0,1,47,89.69416512736773,-3.1579271905234947,0.8640355073596726,3.1579271905234947
8,96,1.0,1,70,86.42730702758419,-0.9361062236999516,0.4045697418554166,0.9361062236999516
8,96,1.0,1,25,92.46111383463955,-0.16422441698989587,0.03903832442203825,0.16422441698989587
8,96,1.0,1,92,90.86927151744992,-6.3458747940753355,2.224061014713807,6.3458747940753355
8,96,1.0,1,36,78.92653823996913,0.4312915451131545,0.3004970348100833,-0.4312915451131545
8,96,1.0,1,4,75.84855833750859,-2.0883845812647195,1.5178067949064498,2.0883845812647195
8,96,1.0,2,4,96.98838037059423,0.4863115541745344,0.2371838427859423,-0.4863115541745344
8,96,1.0,2,70,81.9461048280117,-2.5291594847831647,0.8895058803531266,2.5291594847831647
8,96,1.0,2,50,109.07588180737085,-1.204126295216824,0.37776545679075046,1.204126295216824
8,96,1.0,2,27,87.29579625431914,0.005992007098839736,0.010970705856350182,-0.005992007098839736
8,96,1.0,2,68,94.33214949086299,-1.0834228774118628,0.4972643410440547,1.0834228774118628
8,96,1.0,2,69,75.37138642834489,0.9840154945494959,1.0417908629280763,-0.9840154945494959
8,96,1.0,2,74,97.19504690620536,0.42682482146605594,0.3676487729076565,-0.42682482146605594
8,96,1.0,2,36,110.39414434186077,4.434956358279322,1.2271038457577783,-4.434956358279322
8,96,1.0,2,93,88.85487766859146,0.03178882189931187,0.47289111030001374,-0.03178882189931187
8,96,1.0,2,47,105.58153547183358,0.3199177467722336,0.8613411802966111,-0.3199177467722336
8,96,1.0,2,31,78.4461668486039,0.10992538242919636,0.7016689562915812,-0.10992538242919636
8,96,1.0,2,31,78.4461668486039,0.10992538242919636,0.7016689562915812,-0.10992538242919636
8,96,1.0,2,59,92.68787379956561,-3.2423224955777954,1.0312310189819374,3.2423224955777954
8,96,1.0,2,58,84.85560836585324,-1.1440327985984027,0.5940536008083441,1.1440327985984027
8,96,1.0,2,35,85.4499067076415,-0.42161783510546513,0.2945640558450431,0.42161783510546513
8,96,1.0,2,50,109.07588180737085,-1.204126295216824,0.37776545679075046,1.204126295216824
8,96,1.0,2,33,90.1089773691827,0.9196383808913993,0.638852668517325,-0.9196383808913993
8,96,1.0,2,0,93.15227611796323,-0.2901714311509238,0.16452163684744026,0.2901714311509238
8,96,1.0,2,85,92.79329804810021,-0.41518658868866964,0.16133984337848828,0.41518658868866964
8,96,1.0,2,27,87.29579625431914,0.005992007098839736,0.010970705856350182,-0.005992007098839736
8,96,1.0,3,65,84.243407596434,-0.4692549841849285,0.08953458219009214,0.4692549841849285
8,96,1.0,3,3,81.6153223733208,-0.5303412619867203,0.12655700040415985,0.5303412619867203
8,96,1.0,3,78,91.84562958444035,-1.0997692265538035,0.2928211811855861,1.0997692265538035
8,96,1.0,3,63,91.78024076018514,0.11251767234841736,0.042055670881972596,-0.11251767234841736
8,96,1.0,3,26,100.70597656705402,4.990719595533633,0.9490300380050996,-4.990719595533633
8,96,1.0,3,72,85.40693608489553,-0.22729014285161497,0.1050083063187004,0.22729014285161497
8,96,1.0,3,18,104.41138887269324,1.218147842294158,0.3767744315730064,-1.218147842294158
8,96,1.0,3,69,106.60274529191516,-1.3466027734739754,0.22698358760089832,1.3466027734739754
8,96,1.0,3,15,90.92013205432158,3.264359717429002,0.8721498388416182,-3.264359717429002
8,96,1.0,3,59,83.49025865934061,4.368742996927736,1.8816032862572234,-4.368742996927736
8,96,1.0,3,90,80.14996151568498,-3.532185990620036,1.1175053233781553,3.532185990620036
8,96,1.0,3,86,84.51038369962149,-1.74998086733288,0.44069547241579476,1.74998086733288
8,96,1.0,3,14,77.28776324191978,-0.06822010168431802,0.03595929586430513,0.06822010168431802
8,96,1.0,3,40,85.45543623024923,-1.0383564645779302,0.36704670112350213,1.0383564645779302
8,96,1.0,3,46,82.1293039536375,-0.8063558684150252,0.6930782860873013,0.8063558684150252
8,96,1.0,3,80,93.79975632099433,-2.7521554303894646,0.9017180563614056,2.7521554303894646
8,96,1.0,3,51,85.42116173153268,0.7434475410207568,0.4377173304255475,-0.7434475410207568
8,96,1.0,3,0,91.03880660470669,-1.0832047025621847,0.4889958933205034,1.0832047025621847
8,96,1.0,3,94,77.99872852816402,3.345241937604726,1.3654300928433818,-3.345241937604726
8,96,1.0,3,71,91.81103623575477,-3.122853802668871,1.1927523409809981,3.122853802668871
8,96,1.0,4,35,86.83352584533559,2.9569990068929926,1.0666970267517555,-2.9569990068929926
8,96,1.0,4,68,96.33829456148364,9.977838268088142,2.201802455002457,-9.977838268088142
8,96,1.0,4,26,103.74829563508669,0.2257253472013545,0.3954811655904644,-0.2257253472013545
8,96,1.0,4,20,87.22115169178798,-1.1197634699792545,0.46598932662812453,1.1197634699792545
8,96,1.0,4,93,94.14980833313538,-2.506807942729914,1.0524160082203493,2.506807942729914
8,96,1.0,4,52,93.61944816948264,-0.38228197093535243,0.08848179445178239,0.38228197093535243
8,96,1.0,4,58,121.54764181680638,-0.25231117077827747,0.04348053379195882,0.25231117077827747
8,96,1.0,4,67,88.64697284434025,-0.2138215481851944,0.09668137570256752,0.2138215481851944
8,96,1.0,4,31,83.61072432310492,-1.5073402917525272,1.3938259314237897,1.5073402917525272
8,96,1.0,4,6,90.55439870830732,0.4651840618395866,0.2208670319939996,-0.4651840618395866
8,96,1.0,4,82,86.49265202658819,-0.9289807375673291,0.3242395245351646,0.9289807375673291
8,96,1.0,4,28,86.6003205347175,-0.919363562867197,0.36391883467386066,0.919363562867197
8,96,1.0,4,6,90.55439870830732,0.4651840618395866,0.2208670319939996,-0.4651840618395866
8,96,1.0,4,40,92.78619094044399,-1.6030491121676462,0.49870516844014334,1.6030491121676462
8,96,1.0,4,4,84.552036441322,-3.90621693246117,1.534080241162008,3.90621693246117
8,96,1.0,4,56,86.31048407389925,-2.451182328800293,0.7681875345538876,2.451182328800293
8,96,1.0,4,77,82.87467671863102,0.0037740397336634146,0.031736896697170724,-0.0037740397336634146
8,96,1.0,4,55,83.98063640038407,-0.278896494584032,0.0714471545077231,0.278896494584032
8,96,1.0,4,57,84.17597269020413,2.764110526095301,0.7224587289986588,-2.764110526095301
8,96,1.0,4,48,88.55354013569992,1.0010339490666027,0.45536218100807657,-1.0010339490666027
8,96,1.0,5,95,90.24722960999239,-2.8953739553754048,0.9157392003444302,2.8953739553754048
8,96,1.0,5,47,89.04850791338274,-1.2889284065301752,0.5693136305025841,1.2889284065301752
8,96,1.0,5,16,101.78722030155978,0.7937926192192037,0.35390932777827766,-0.7937926192192037
8,96,1.0,5,68,84.65949239442392,2.714160652406349,1.9944052818966682,-2.714160652406349
8,96,1.0,5,61,98.17017226294593,0.1966613198364371,1.1095370444693773,-0.1966613198364371
8,96,1.0,5,84,101.38118640672138,1.1953159012574872,0.4959546570228399,-1.1953159012574872
8,96,1.0,5,69,80.58994231134788,0.041968054962381984,0.7551973615157612,-0.041968054962381984
8,96,1.0,5,21,84.84388610234069,-0.6645224597111792,0.19017275208574747,0.6645224597111792
8,96,1.0,5,68,84.65949239442392,2.714160652406349,1.9944052818966682,-2.714160652406349
8,96,1.0,5,63,103.78084769949292,-0.0027258085148531563,0.29524974336285714,0.0027258085148531563
8,96,1.0,5,70,85.93936241675586,-0.20003543582508598,0.056889824387807764,0.20003543582508598
8,96,1.0,5,32,95.83643647312499,-1.0285098090360805,0.5440299115457374,1.0285098090360805
8,96,1.0,5,92,81.60508510943106,-0.5996808816966848,0.5109774761500034,0.5996808816966848
8,96,1.0,5,54,90.03791763343153,-4.898040592777676,1.8033719663221661,4.898040592777676
8,96,1.0,5,90,94.57157600765217,-1.6720741111753625,0.44628652207365826,1.6720741111753625
8,96,1.0,5,20,98.02149100695567,-2.9463519804977807,0.6250595170041704,2.9463519804977807
8,96,1.0,5,50,98.72089020776917,2.9270845857266465,1.483520953561741,-2.9270845857266465
8,96,1.0,5,43,95.92274646195663,0.6340163860241432,0.4137623197625957,-0.6340163860241432
8,96,1.0,5,76,94.2222124011155,-5.2100745935159125,1.2005691018245972,5.2100745935159125
8,96,1.0,5,11,101.44453367126161,0.050403486026752375,0.03150456356370146,-0.050403486026752375
8,160,1.0,0,57,130.8253202427198,-4.709329756338363,1.2853405544314658,4.709329756338363
8,160,1.0,0,1,163.012822170546,-2.746608411392643,0.49065228670774275,2.746608411392643
8,160,1.0,0,102,159.5097891780566,-5.77960371908371,1.226954853497988,5.77960371908371
8,160,1.0,0,103,157.4370596555888,4.99145662583912,1.1770934603067906,-4.99145662583912
8,160,1.0,0,118,142.47758718460142,-1.75619765983636,0.3927717356890148,1.75619765983636
8,160,1.0,0,78,135.27404670793248,3.512943336519271,0.5500972532488024,-3.512943336519271
8,160,1.0,0,11,173.11583814941253,3.8542897180590074,0.6162545999575404,-3.8542897180590074
8,160,1.0,0,77,136.12373957479818,6.682170742613309,2.318370566580399,-6.682170742613309
8,160,1.0,0,47,144.0939404960147,4.793024190232913,0.9085101167965672,-4.793024190232913
8,160,1.0,0,57,130.8253202427198,-4.709329756338363,1.2853405544314658,4.709329756338363
8,160,1.0,0,7,148.13953919443276,1.1420166349367804,0.35342981406929264,-1.1420166349367804
8,160,1.0,0,112,150.45783938799582,4.358817728680165,0.891531072465956,-4.358817728680165
8,160,1.0,0,63,148.1090432674466,-4.71753912764963,1.2761203750351564,4.71753912764963
8,160,1.0,0,9,160.69677801923842,-8.428214831610418,1.6809540066683104,8.428214831610418
8,160,1.0,0,19,143.69748394199803,5.600417089669023,1.0430556531740547,-5.600417089669023
8,160,1.0,0,17,137.2469875757527,-1.3161131749781987,0.4279452902774725,1.3161131749781987
8,160,1.0,0,148,181.26996412572572,-1.9474716776095704,0.34886853733761747,1.9474716776095704
8,160,1.0,0,69,154.215165104861,7.0522452073771404,1.4516032526539182,-7.0522452073771404
8,160,1.0,0,108,146.07023702980229,-3.7682872334991515,1.0482990684252211,3.7682872334991515
8,160,1.0,0,146,138.7922961500377,-0.12287082733466548,0.028171477995675875,0.12287082733466548
8,160,1.0,1,87,171.12674314320546,3.218380489973029,0.8517783719935648,-3.218380489973029
8,160,1.0,1,156,157.07053164810205,3.484356026934023,1.0513243305424265,-3.484356026934023
8,160,1.0,1,81,151.50399109982567,-1.4182716112507734,0.316462864864,1.4182716112507734
8,160,1.0,1,38,150.89988258770336,0.7956507279663327,0.2828422968218036,-0.7956507279663327
8,160,1.0,1,118,161.82754944663725,-0.012069808107071367,0.36188036302923665,0.012069808107071367
8,160,1.0,1,74,136.63705491479104,2.4296032339075424,1.2056326677226652,-2.4296032339075424
8,160,1.0,1,159,153.16495245023958,0.6801272795334512,1.51133154806598,-0.6801272795334512
8,160,1.0,1,31,135.88616120886556,1.5575116910591476,0.7899441038958139,-1.5575116910591476
8,160,1.0,1,52,168.10097113480901,-3.4746819144626215,1.8285605026208533,3.4746819144626215
8,160,1.0,1,127,159.19858006600452,-3.2561903673279744,1.3791006664314094,3.2561903673279744
8,160,1.0,1,37,182.70467556653665,-0.6043391965850731,0.10276163238662761,0.6043391965850731
8,160,1.0,1,30,175.80900478761038,1.6451587187018646,0.7661630073800756,-1.6451587187018646
8,160,1.0,1,1,152.08538260686325,-0.028612323641723947,1.7311635850574598,0.028612323641723947
8,160,1.0,1,77,139.98426379564083,-0.17788632509882518,0.07351414339699813,0.17788632509882518
8,160,1.0,1,37,182.70467556653665,-0.6043391965850731,0.10276163238662761,0.6043391965850731
8,160,1.0,1,104,162.30379553468268,-2.4304126808006146,0.832731089456562,2.4304126808006146
8,160,1.0,1,61,143.75371980390094,-0.8546832054368281,0.25151639149910165,0.8546832054368281
8,160,1.0,1,40,140.59952030048774,-1.481628911904778,0.7597124530468127,1.481628911904778
8,160,1.0,1,130,132.23437178323144,1.866682142046301,1.3509937412947846,-1.866682142046301
8,160,1.0,1,139,165.12280630604965,-1.402249860227215,0.5826541401418761,1.402249860227215
8,160,1.0,2,140,139.01776425967753,4.031233991856112,0.9762899557661386,-4.031233991856112
8,160,1.0,2,35,144.6129448153061,-4.009528935250273,1.4351947194643628,4.009528935250273
8,160,1.0,2,113,158.77868530921606,1.953310308853446,0.36467639498284266,-1.953310308853446
8,160,1.0,2,37,144.7727286066696,-5.934168381791039,1.4659882078149638,5.934168381791039
8,160,1.0,2,6,155.3184811152068,1.239314846665394,0.22910584871154205,-1.239314846665394
8,160,1.0,2,62,133.83374118259115,1.2423693782841383,0.4888637742138533,-1.2423693782841383
8,160,1.0,2,153,165.65942826604055,-6.17272592929632,0.9667294585994286,6.17272592929632
8,160,1.0,2,118,140.61828407911383,-7.945314656932368,2.406959606148368,7.945314656932368
8,160,1.0,2,72,142.862561365031,-8.444882714261084,1.861283065803984,8.444882714261084
8,160,1.0,2,25,140.28337220961384,-7.1081672266002585,1.2854902088032538,7.1081672266002585
8,160,1.0,2,19,158.1079747113394,-1.1856714980300183,1.0669717990966863,1.1856714980300183
8,160,1.0,2,110,133.07074117881865,-0.030599406891553826,0.1633814477066542,0.030599406891553826
8,160,1.0,2,15,149.17209372602673,-0.9730213380036332,0.16840038314486439,0.9730213380036332
8,160,1.0,2,95,143.61129507959123,-0.058276544263065944,0.013363436977015919,0.058276544263065944
8,160,1.0,2,39,174.1542292287293,4.631299821933595,0.8061231809239144,-4.631299821933595
8,160,1.0,2,31,149.9232581069469,0.4812747221518521,0.09151641680961609,-0.4812747221518521
8,160,1.0,2,153,165.65942826604055,-6.17272592929632,0.9667294585994286,6.17272592929632
8,160,1.0,2,141,167.869573480939,2.3437925784823506,0.48070389977588257,-2.3437925784823506
8,160,1.0,2,31,149.9232581069469,0.4812747221518521,0.09151641680961609,-0.4812747221518521
8,160,1.0,2,4,156.38090035481778,0.6974720652295332,0.48969121553874495,-0.6974720652295332
8,160,1.0,3,126,144.6051709697183,-0.9220728823914328,0.29355183217153646,0.9220728823914328
8,160,1.0,3,75,146.28440774013842,4.400234476057264,0.8831248134658103,-4.400234476057264
8,160,1.0,3,65,170.67969192628465,-0.067532988918245,0.05478311266722158,0.067532988918245
8,160,1.0,3,114,127.6902032206454,7.513724863287109,2.1951621404544404,-7.513724863287109
8,160,1.0,3,128,124.7003151987025,-0.8693084082405562,0.5515927709444277,0.8693084082405562
8,160,1.0,3,152,152.24114870428576,-3.6099950859901355,1.985627681002346,3.6099950859901355
8,160,1.0,3,13,155.68249461844513,0.5518691009129384,0.6330465570555945,-0.5518691009129384
8,160,1.0,3,14,135.0750190524252,-1.2687024402405598,1.0103975897537838,1.2687024402405598
8,160,1.0,3,126,144.6051709697183,-0.9220728823914328,0.29355183217153646,0.9220728823914328
8,160,1.0,3,150,131.78206204417685,0.38568053781354195,1.1018242904012352,-0.38568053781354195
8,160,1.0,3,2,140.10616444638688,-2.813721336084086,0.6826972431114444,2.813721336084086
8,160,1.0,3,56,152.9397592241951,-0.31718261638096124,0.5717697942135631,0.31718261638096124
8,160,1.0,3,146,142.38114844636897,-0.8385194462163668,0.6491164763470714,0.8385194462163668
8,160,1.0,3,67,137.8501805997057,-0.12228312005464659,0.3943897019785787,0.12228312005464659
8,160,1.0,3,30,181.2117650848915,-0.5848540170925673,0.7056054167882511,0.5848540170925673
8,160,1.0,3,48,170.95834394418102,-2.6266795067370907,0.8149838852984332,2.6266795067370907
8,160,1.0,3,148,141.75619770109046,-0.309931653827789,0.4688356875177919,0.309931653827789
8,160,1.0,3,138,146.24172715661925,-0.06915312483947389,0.05538328214639865,0.06915312483947389
8,160,1.0,3,69,146.05460900012952,-0.1393386921275237,0.1858889119077407,0.1393386921275237
8,160,1.0,3,65,170.67969192628465,-0.067532988918245,0.05478311266722158,0.067532988918245
8,160,1.0,4,68,149.39926409519813,0.26645216515140646,0.6369346454671656,-0.26645216515140646
8,160,1.0,4,152,144.74373887865156,0.6627392003056229,0.3405914157738792,-0.6627392003056229
8,160,1.0,4,129,142.48547091778195,-3.1804577474218547,1.19652329269188,3.1804577474218547
8,160,1.0,4,31,174.91341969700306,-0.32851411840110245,0.40990926265548766,0.32851411840110245
8,160,1.0,4,108,143.67589231491448,-0.02356984570729992,0.8267132730225084,0.02356984570729992
8,160,1.0,4,10,144.13361691093831,6.656412239245952,1.1819766795194737,-6.656412239245952
8,160,1.0,4,12,135.32068733191917,-2.576032556846826,0.8059618161735438,2.576032556846826
8,160,1.0,4,106,168.31515370413473,-0.07326867647050506,0.1200068154789351,0.07326867647050506
8,160,1.0,4,13,113.63220819409827,0.10299222968943411,0.07850372985428145,-0.10299222968943411
8,160,1.0,4,150,133.24326102881835,-1.6293093280930862,0.7180094922122056,1.6293093280930862
8,160,1.0,4,78,143.95141409318668,0.9461123243565766,0.40488550345835783,-0.9461123243565766
8,160,1.0,4,105,159.11647250736982,0.3008794927449685,0.3109021865784549,-0.3008794927449685
8,160,1.0,4,65,134.20648136763242,0.05961041945772649,0.9930217260091556,-0.05961041945772649
8,160,1.0,4,127,166.61843568117277,2.2231077320912647,0.5763716018321414,-2.2231077320912647
8,160,1.0,4,59,135.38265702949192,6.329600618939736,1.7326150570754897,-6.329600618939736
8,160,1.0,4,27,127.6740336709226,-1.5031449515698228,0.9543123723579887,1.5031449515698228
8,160,1.0,4,129,142.48547091778195,-3.1804577474218547,1.19652329269188,3.1804577474218547
8,160,1.0,4,110,147.19986172798926,0.420496130241645,0.08549262157998827,-0.420496130241645
8,160,1.0,4,65,134.20648136763242,0.05961041945772649,0.9930217260091556,-0.05961041945772649
8,160,1.0,4,16,164.57266249989243,-0.844935719667447,0.9686947448517893,0.844935719667447
8,160,1.0,5,78,163.12607135141056,-1.7180855028580737,0.38545059792273895,1.7180855028580737
8,160,1.0,5,155,166.25671123736367,1.7775368049900635,0.6682408749536541,-1.7775368049900635
8,160,1.0,5,87,167.86798646297197,3.6533744177287133,0.8160354583894907,-3.6533744177287133
8,160,1.0,5,40,169.14052621079514,-4.870589913385544,0.9794149383420383,4.870589913385544
8,160,1.0,5,72,139.55902355964992,0.3742035408035065,0.12726290919168282,-0.3742035408035065
8,160,1.0,5,107,144.44871061381454,-9.300027667110214,1.7476465747337158,9.300027667110214
8,160,1.0,5,156,131.33630981035557,4.492332686101264,1.8350426833409026,-4.492332686101264
8,160,1.0,5,85,173.14519525162436,-0.42538116591055086,0.05708124822031113,0.42538116591055086
8,160,1.0,5,56,153.29652977717873,-5.138180737102942,1.0045692605240948,5.138180737102942
8,160,1.0,5,30,160.99369588912714,-0.18861461793102308,0.11141016230440437,0.18861461793102308
8,160,1.0,5,93,142.79262003401513,-0.6201196543773904,0.7190261200036723,0.6201196543773904
8,160,1.0,5,131,138.69624317668084,-3.3392927387268685,0.5935306573218826,3.3392927387268685
8,160,1.0,5,9,171.3248869710948,4.999452676359738,1.1041957915878369,-4.999452676359738
8,160,1.0,5,25,158.5299315363374,-1.5223998536959868,0.48793882447481085,1.5223998536959868
8,160,1.0,5,111,143.6127022641664,2.1540505184458993,0.5346867045196104,-2.1540505184458993
8,160,1.0,5,93,142.79262003401513,-0.6201196543773904,0.7190261200036723,0.6201196543773904
8,160,1.0,5,29,150.59185623310668,-1.908908568594228,0.6005855528633735,1.908908568594228
8,160,1.0,5,157,143.0337673925346,-5.213809664372803,0.8429250355734386,5.213809664372803
8,160,1.0,5,3,151.0877838545372,-3.36865400838073,0.6876319994223392,3.36865400838073
8,160,1.0,5,12,157.91317769665147,0.45701633845342826,0.09910771852143396,-0.45701633845342826
16,192,1.0,0,76,184.54898755760365,-0.23182346085408767,0.27313360316188273,0.23182346085408767
16,192,1.0,0,180,165.16250149290056,3.274275515010771,1.9268970815893982,-3.274275515010771
16,192,1.0,0,114,167.49228385966114,-0.5622034383075345,0.18627744148211445,0.5622034383075345
16,192,1.0,0,137,171.63432610362895,2.2547220113850983,0.820612847211323,-2.2547220113850983
16,192,1.0,0,117,179.15210093959698,-0.23178280461701206,0.048117204417147175,0.23178280461701206
16,192,1.0,0,8,196.58930696219284,-3.054818884435207,0.5099488787024926,3.054818884435207
16,192,1.0,0,103,179.06577145109486,-0.9142113459243717,0.29389535833957803,0.9142113459243717
16,192,1.0,0,62,157.1081030282283,-1.7027505782231458,0.8323199632050873,1.7027505782231458
16,192,1.0,0,95,173.0982042222439,-0.12842096496856925,0.044299373831524935,0.12842096496856925
16,192,1.0,0,112,198.10553267452292,3.0624689447754747,0.8289254186877182,-3.0624689447754747
16,192,1.0,0,162,191.85193469273605,-2.051317949470132,0.40592071846327427,2.051317949470132
16,192,1.0,0,107,193.33384884650107,-0.025978214950129086,0.8390154383024178,0.025978214950129086
16,192,1.0,0,116,163.47211774980684,-1.9011767155450627,1.1640134702420608,1.9011767155450627
16,192,1.0,0,26,200.13196411790256,0.023420550317837296,0.20695069958170054,-0.023420550317837296
16,192,1.0,0,146,175.80043739638916,-0.3673647688156336,0.08716814075312396,0.3673647688156336
16,192,1.0,0,49,192.23096536245276,-6.21709545973988,1.8875745565711952,6.21709545973988
16,192,1.0,0,128,184.3478870125471,-0.47554677575718074,1.2639759055673758,0.47554677575718074
16,192,1.0,0,65,182.24164027460353,-0.09535769492688928,0.41609551597328887,0.09535769492688928
16,192,1.0,0,7,192.37297197100798,3.8708605338175914,1.1260250622614438,-3.8708605338175914
16,192,1.0,0,3,191.89859987862044,1.547569959263427,0.48069426801352355,-1.547569959263427
16,192,1.0,1,130,186.57542136387704,0.02244474980525979,0.025097101235842967,-0.02244474980525979
16,192,1.0,1,49,173.5556623921318,4.01852313175246,1.2197706235620842,-4.01852313175246
16,192,1.0,1,55,156.911160312189,-0.5386607956158116,0.22220679789798625,0.5386607956158116
16,192,1.0,1,11,189.38415797968588,-4.020114187022472,0.9339564226443624,4.020114187022472
16,192,1.0,1,21,190.94689775794524,2.60464878166286,1.8093080376291015,-2.60464878166286
16,192,1.0,1,96,187.1776575267513,-0.42623609441102417,1.3969174285744415,0.42623609441102417
16,192,1.0,1,28,184.17461743193735,1.9621299594780055,0.965092771342797,-1.9621299594780055
16,192,1.0,1,85,191.75005262259808,-1.6380046449803842,0.35756750331265064,1.6380046449803842
16,192,1.0,1,51,188.29754674207192,-1.0666530425966414,0.29120209368426053,1.0666530425966414
16,192,1.0,1,178,158.94796178141834,-1.6536893567316326,1.1675595647283572,1.6536893567316326
16,192,1.0,1,136,189.93936695997144,2.3534110221096682,0.7019190460735052,-2.3534110221096682
16,192,1.0,1,90,178.11936671859974,-0.3966831752472615,1.4973852779538914,0.3966831752472615
16,192,1.0,1,131,172.2910497499008,-1.472424243329698,0.4129853297291928,1.472424243329698
16,192,1.0,1,158,183.06755122293328,1.557295154526173,0.8372310568002042,-1.557295154526173
16,192,1.0,1,93,167.0402104345847,0.4565415562429962,0.9403375474700923,-0.4565415562429962
16,192,1.0,1,84,191.8595383481354,-0.41902984989499714,1.3398817516052057,0.41902984989499714
16,192,1.0,1,76,161.02606024399932,-1.189155780793243,0.4700548599274228,1.189155780793243
16,192,1.0,1,82,168.19215692192682,-0.14084174032964825,0.05029017832516569,0.14084174032964825
16,192,1.0,1,160,177.0088560469889,2.5349522402109415,0.7938694580702257,-2.5349522402109415
16,192,1.0,1,183,180.88781256226838,0.7008369062793065,0.4257224968514719,-0.7008369062793065
16,192,1.0,2,70,182.34388695983432,0.31280330672313994,1.053505433518218,-0.31280330672313994
16,192,1.0,2,55,188.3961165626604,-0.7513445723873815,0.34562302451942406,0.7513445723873815
16,192,1.0,2,139,192.23869342666507,-1.0665518826751281,0.6479361007268492,1.0665518826751281
16,192,1.0,2,101,182.45575420541763,-0.09865054224925984,0.6975629112093948,0.09865054224925984
16,192,1.0,2,114,178.07089656477876,-2.453463611963798,1.3102566392309387,2.453463611963798
16,192,1.0,2,84,174.11021678690878,-0.04758687216471458,0.08779413299398353,0.04758687216471458
16,192,1.0,2,19,179.0875477095471,-0.4563784630896919,2.5235217730690227,0.4563784630896919
16,192,1.0,2,151,167.0113324854584,-0.546416775849849,1.322733846470757,0.546416775849849
16,192,1.0,2,124,172.02353069259084,0.6258015777924015,0.7939833542041961,-0.6258015777924015
16,192,1.0,2,104,185.199889467028,0.05522352812522513,0.4704078150347861,-0.05522352812522513
16,192,1.0,2,58,182.57691819672345,-0.5116201445230502,0.4283240221749698,0.5116201445230502
16,192,1.0,2,96,168.97725062530077,-0.8877260626870225,0.9316196966194548,0.8877260626870225
16,192,1.0,2,46,173.4732063499944,0.4784352227302122,2.09312517948946,-0.4784352227302122
16,192,1.0,2,186,173.2772480824638,-5.767936808868001,1.8992018484773068,5.767936808868001
16,192,1.0,2,23,173.0766705824999,-0.6056879423492489,0.3935782960516856,0.6056879423492489
16,192,1.0,2,9,182.21546761256099,-0.48583963490457904,0.6490769701622656,0.48583963490457904
16,192,1.0,2,143,216.46130574479184,0.3792598679500543,1.1446974512271102,-0.3792598679500543
16,192,1.0,2,37,174.48377508160735,-0.19719698565634758,0.13678153733134524,0.19719698565634758
16,192,1.0,2,159,197.87069212568545,-0.024541312915857816,0.13881067988571072,0.024541312915857816
16,192,1.0,2,188,177.59360525855283,-0.6136241629069445,0.6973976106068767,0.6136241629069445
16,192,1.0,3,178,187.4019375243106,0.06675745478528938,0.18982156737340983,-0.06675745478528938
16,192,1.0,3,114,196.46760572311678,0.07079169164288146,0.15716317543428948,-0.07079169164288146
16,192,1.0,3,125,173.51365780013305,-0.33115203882610444,0.14498425283673555,0.33115203882610444
16,192,1.0,3,82,165.45377821712952,-0.06063977625666439,0.04429944274430797,0.06063977625666439
16,192,1.0,3,4,176.70983598172995,0.4947130293859914,0.7808186084156121,-0.4947130293859914
16,192,1.0,3,148,166.30397998456021,0.1731945078887236,0.16779972718786995,-0.1731945078887236
16,192,1.0,3,84,181.03067244272253,-3.1610485334038003,0.8323399098280531,3.1610485334038003
16,192,1.0,3,111,179.9155701320795,0.40211997740772176,0.6743213416106886,-0.40211997740772176
16,192,1.0,3,88,170.07380521055927,0.8615082949058603,0.86750023128911,-0.8615082949058603
16,192,1.0,3,14,183.1073968629997,0.5182402018872381,0.42794243071252946,-0.5182402018872381
16,192,1.0,3,114,196.46760572311678,0.07079169164288146,0.15716317543428948,-0.07079169164288146
16,192,1.0,3,89,186.0509994153442,-0.15738275983017047,0.46264568661404804,0.15738275983017047
16,192,1.0,3,43,173.87920207553685,-4.087336739083838,1.6017420877660165,4.087336739083838
16,192,1.0,3,119,162.43146148498573,0.3001282188981236,0.4433089346463368,-0.3001282188981236
16,192,1.0,3,96,198.84810319068578,0.24685556975276768,0.07654131286202981,-0.24685556975276768
16,192,1.0,3,30,203.92035097659226,0.15608893807248592,0.07156914985395924,-0.15608893807248592
16,192,1.0,3,4,176.70983598172995,0.4947130293859914,0.7808186084156121,-0.4947130293859914
16,192,1.0,3,174,165.7846720813049,0.4311764071990467,0.5623072570779608,-0.4311764071990467
16,192,1.0,3,188,205.09794818665426,2.620255249998195,0.6834159680449905,-2.620255249998195
16,192,1.0,3,116,180.31979646451535,-2.756048512986098,1.334939251378075,2.756048512986098
16,192,1.0,4,63,184.0234673857573,-2.0746580664493877,1.1861009870297068,2.0746580664493877
16,192,1.0,4,113,194.02760001364368,-7.20614081207367,1.9536763349777622,7.20614081207367
16,192,1.0,4,36,160.17632516794345,1.095459900048354,0.845233451721354,-1.095459900048354
16,192,1.0,4,26,186.26042705074008,-3.594429574383412,1.216682136338941,3.594429574383412
16,192,1.0,4,37,170.5870514994449,-0.7098167967857592,0.20738879332613447,0.7098167967857592
16,192,1.0,4,121,178.4476277556242,-4.386160333626037,2.13250802686154,4.386160333626037
16,192,1.0,4,177,188.14224391917352,-0.17784613904575508,0.18834746045475326,0.17784613904575508
16,192,1.0,4,45,169.21919207344558,-2.3467534548144613,0.8563133451153915,2.3467534548144613
16,192,1.0,4,68,206.38057106516015,0.2839018111806695,0.3469536545409322,-0.2839018111806695
16,192,1.0,4,128,188.25500549403353,-0.0876824500487885,0.05621329066506808,0.0876824500487885
16,192,1.0,4,31,173.30427861803253,0.23578628643306843,1.7708234989076392,-0.23578628643306843
16,192,1.0,4,86,176.48962983235057,0.2705881973951705,1.0890799223947527,-0.2705881973951705
16,192,1.0,4,42,179.5421860187514,-1.2847826992924922,2.0638601827564704,1.2847826992924922
16,192,1.0,4,12,177.14122791372313,-0.21169067344024484,0.6713046523795714,0.21169067344024484
16,192,1.0,4,118,176.22839116528536,0.42713991460240663,2.7288870177433258,-0.42713991460240663
16,192,1.0,4,93,173.76557037696378,-3.079919099204801,0.9157054135882885,3.079919099204801
16,192,1.0,4,183,218.42490496141843,-1.9804141507656254,0.9692121682131063,1.9804141507656254
16,192,1.0,4,41,181.73947240534233,0.3338170250615633,1.1109364234227113,-0.3338170250615633
16,192,1.0,4,105,166.4347350074299,-0.44312053749069946,0.3073392349083761,0.44312053749069946
16,192,1.0,4,134,178.77464304625533,-2.547928820358152,1.7248629494105354,2.547928820358152
16,192,1.0,5,146,200.61792521756053,5.080603953301193,0.9818042546484991,-5.080603953301193
16,192,1.0,5,98,191.05267149561269,-0.5204907789861295,0.164944894427681,0.5204907789861295
16,192,1.0,5,161,185.3729662287356,-5.038610693057166,1.3869414418457366,5.038610693057166
16,192,1.0,5,177,160.7077935151289,0.03682953269264999,0.01341439280953649,-0.03682953269264999
16,192,1.0,5,190,185.22113973401974,-6.616517706389743,1.5472251243818165,6.616517706389743
16,192,1.0,5,23,177.5614517555743,-0.056973080185599656,0.44682648623508303,0.056973080185599656
16,192,1.0,5,68,186.72656879927908,-2.4222518313140426,1.111978038599811,2.4222518313140426
16,192,1.0,5,162,206.96556285655447,-4.55586745090406,1.0100123389235005,4.55586745090406
16,192,1.0,5,150,179.20317913892637,-0.612407650938195,0.6768542539845606,0.612407650938195
16,192,1.0,5,189,170.89947000325685,-9.253732206347735,2.5033616346047456,9.253732206347735
16,192,1.0,5,113,192.73040704535526,1.698616607845338,0.535776911019,-1.698616607845338
16,192,1.0,5,80,185.1847222260481,-4.763355947559688,1.0566648371001492,4.763355947559688
16,192,1.0,5,85,181.79078964948857,2.521190052142515,1.3508522649064505,-2.521190052142515
16,192,1.0,5,59,187.66204219170268,-1.624318414759955,0.6330417568763878,1.624318414759955
16,192,1.0,5,131,180.69623893145138,-0.17751925700454763,0.4735963583129652,0.17751925700454763
16,192,1.0,5,36,177.25834557287055,-7.400385619990004,1.5099459567330396,7.400385619990004
16,192,1.0,5,20,175.1413976613664,-1.769420671998489,0.3141251976220891,1.769420671998489
16,192,1.0,5,8,172.90009283706576,0.7217429473669768,1.2730346716336949,-0.7217429473669768
16,192,1.0,5,152,192.03055752530992,-2.6298617659988963,1.0254141234534735,2.6298617659988963
16,192,1.0,5,31,173.85272225082477,1.027337938321267,0.7166227394590106,-1.027337938321267
16,320,1.0,0,189,272.7354663604052,-5.823534518163058,1.246212784106861,5.823534518163058
16,320,1.0,0,42,303.83654224041356,-1.5530430355911449,0.27450333478884525,1.5530430355911449
16,320,1.0,0,47,315.0281514906634,-9.202008767887207,2.2538585641424675,9.202008767887207
16,320,1.0,0,31,284.5527345263624,-2.7476211626159284,0.6262987155991175,2.7476211626159284
16,320,1.0,0,17,327.89239560983043,-7.416405406390481,1.5759776697185264,7.416405406390481
16,320,1.0,0,226,323.8890160883505,-6.828748091366492,1.4427514550730207,6.828748091366492
16,320,1.0,0,30,285.50711205704795,-4.202526709725873,1.5528535265863117,4.202526709725873
16,320,1.0,0,18,280.84194170841346,-8.664350389631721,1.8757669635946177,8.664350389631721
16,320,1.0,0,86,341.4242729259942,-7.400525899456227,1.2383466955159343,7.400525899456227
16,320,1.0,0,133,312.4725308648152,-5.939786576384108,0.9197334307248464,5.939786576384108
16,320,1.0,0,263,318.35349745074416,0.7648381775362054,0.16865648517113074,-0.7648381775362054
16,320,1.0,0,225,296.84462514723026,-0.8872342374924074,0.14231407480993985,0.8872342374924074
16,320,1.0,0,178,317.0379706748008,2.255878491435112,0.6622292317451404,-2.255878491435112
16,320,1.0,0,276,287.95654425263587,-4.29004676996982,1.244916622708041,4.29004676996982
16,320,1.0,0,207,263.57748507312556,-3.0024569074957412,0.43408565612646566,3.0024569074957412
16,320,1.0,0,73,294.6413579925667,2.8000818564288465,0.6886695365370712,-2.8000818564288465
16,320,1.0,0,217,277.8641287023935,-2.0733494368727747,0.5510943770789312,2.0733494368727747
16,320,1.0,0,21,303.7133548991565,0.18510680982575423,0.2917382624001936,-0.18510680982575423
16,320,1.0,0,316,290.8992585686141,1.9691212939573575,1.0615318759730796,-1.9691212939573575
16,320,1.0,0,206,320.8314310766096,-10.231002467701671,1.3981332697119515,10.231002467701671
16,320,1.0,1,308,302.23088837217904,4.228266843444089,3.0379010854162627,-4.228266843444089
16,320,1.0,1,279,337.55809550380206,-0.10224135279113966,0.07422093238203287,0.10224135279113966
16,320,1.0,1,186,295.0757054732573,-0.09808747092949943,0.04399136370287415,0.09808747092949943
16,320,1.0,1,183,283.22839160829216,0.7133138027960797,0.9167033859624989,-0.7133138027960797
16,320,1.0,1,316,279.456478440683,2.7403479763579526,2.2794066431912237,-2.7403479763579526
16,320,1.0,1,182,278.92587502203116,-0.015878832634655282,0.008210433067100453,0.015878832634655282
16,320,1.0,1,127,300.97990822708607,-1.4229310259197234,1.220294363671825,1.4229310259197234
16,320,1.0,1,240,311.2901395818827,-0.4422394380773085,0.428024649225339,0.4422394380773085
16,320,1.0,1,81,290.1888763114293,2.0249448372759957,1.1218625559035036,-2.0249448372759957
16,320,1.0,1,174,302.93035334489235,0.1729982228503104,0.18891010368222627,-0.1729982228503104
16,320,1.0,1,30,307.6533260395454,1.3824379303000853,0.8179864682035785,-1.3824379303000853
16,320,1.0,1,204,300.95021659239933,1.8912894509578564,0.512085072412781,-1.8912894509578564
16,320,1.0,1,53,315.4234198704803,2.4784055344229614,1.4276425146051008,-2.4784055344229614
16,320,1.0,1,285,345.65152567266034,-2.54279833643497,1.9225569853806412,2.54279833643497
16,320,1.0,1,274,282.36980278516245,-1.0049811655538292,0.5046267524863537,1.0049811655538292
16,320,1.0,1,184,277.2958537622791,-0.5226434587065114,0.3804774528961392,0.5226434587065114
16,320,1.0,1,146,292.2185162752802,4.2053832649559695,1.9547128469101072,-4.2053832649559695
16,320,1.0,1,182,278.92587502203116,-0.015878832634655282,0.008210433067100453,0.015878832634655282
16,320,1.0,1,7,272.5537656063574,-0.020002020610320415,0.010661857416919052,0.020002020610320415
16,320,1.0,1,181,276.2961306354225,-1.5513364137732424,0.7942669381671188,1.5513364137732424
16,320,1.0,2,187,285.6190446025118,-0.008062162584565158,0.0012446890287876045,0.008062162584565158
16,320,1.0,2,213,306.4316107636727,6.532616473876885,1.5142382658789382,-6.532616473876885
16,320,1.0,2,78,301.16313597636815,-0.8044769803107101,0.4373264732185209,0.8044769803107101
16,320,1.0,2,58,289.646734886945,-0.5514827193374003,0.39378167828592137,0.5514827193374003
16,320,1.0,2,51,290.384144838079,4.565997395171735,1.6859918280250132,-4.565997395171735
16,320,1.0,2,215,308.36787662881534,1.4150004014720707,0.4642925336898234,-1.4150004014720707
16,320,1.0,2,204,312.7368049207586,0.08389340218241159,0.04855434322902541,-0.08389340218241159
16,320,1.0,2,281,273.84454319970996,0.003129357494628948,0.018382795868401747,-0.003129357494628948
16,320,1.0,2,117,321.862077911783,2.077611676512902,0.9643078954927424,-2.077611676512902
16,320,1.0,2,136,321.2641623204586,-0.8644675220288036,0.19806509640252434,0.8644675220288036
16,320,1.0,2,32,359.1019488509939,-1.104137989990079,0.28397650861637036,1.104137989990079
16,320,1.0,2,264,266.7627314626742,-3.117675447307306,1.0358229900156033,3.117675447307306
16,320,1.0,2,223,302.8612400115273,0.08781943124870395,0.05899796085557529,-0.08781943124870395
16,320,1.0,2,308,279.4195689249455,-4.809377715218545,2.2657672039012997,4.809377715218545
16,320,1.0,2,90,292.5417285640101,-0.04971665915132917,0.10919031253927702,0.04971665915132917
16,320,1.0,2,16,315.8509491955638,0.3497071161829126,0.08231314486714059,-0.3497071161829126
16,320,1.0,2,139,307.8207982931793,2.7354177017850816,1.7723467128132657,-2.7354177017850816
16,320,1.0,2,43,314.8280947341074,0.18889128424905266,0.11960710880883463,-0.18889128424905266
16,320,1.0,2,44,315.4085120338292,7.1377401885804375,1.6229671863212678,-7.1377401885804375
16,320,1.0,2,159,300.40522690512637,-0.7304582002786901,0.3759886952773801,0.7304582002786901
16,320,1.0,3,245,270.5932318104348,-0.09478948314716718,0.09197683147947222,0.09478948314716718
16,320,1.0,3,279,326.7432799543807,-0.660530463606392,0.46606440296550167,0.660530463606392
16,320,1.0,3,195,271.66169610774654,0.346117050040192,1.1007923299200901,-0.346117050040192
16,320,1.0,3,253,304.484705148025,-0.2042350868956646,0.10851618240678773,0.2042350868956646
16,320,1.0,3,44,317.32856859611417,-0.4370080477973204,0.44646645608631697,0.4370080477973204
16,320,1.0,3,300,298.29236022058416,-0.23013064653423498,0.3867624719572711,0.23013064653423498
16,320,1.0,3,189,306.36222114571456,0.5497343922632467,0.5940509162436931,-0.5497343922632467
16,320,1.0,3,99,341.15140572246116,-2.1646165535699424,0.7021046393060679,2.1646165535699424
16,320,1.0,3,211,289.5274414657913,-5.459877963258805,2.7914096075857486,5.459877963258805
16,320,1.0,3,302,302.7905425406566,-0.558241118709816,0.37121864475352684,0.558241118709816
16,320,1.0,3,40,282.4135170687653,0.24404357628705498,0.7745254457120287,-0.24404357628705498
16,320,1.0,3,35,331.7716723936894,-0.018486095696687244,0.02608071046852256,0.018486095696687244
16,320,1.0,3,301,315.1316562505587,-0.02170984117117314,0.052252794531154834,0.02170984117117314
16,320,1.0,3,280,321.3660690887739,-0.6484197492727333,1.0551912739445948,0.6484197492727333
16,320,1.0,3,60,296.2209986537152,-0.022522730738955943,0.006698894822529056,0.022522730738955943
16,320,1.0,3,243,282.9806655194526,-0.676128406789644,0.6477579754641107,0.676128406789644
16,320,1.0,3,65,348.8709133102916,0.04942786696344115,0.05512793287715212,-0.04942786696344115
16,320,1.0,3,154,330.12116065559303,-3.555585951455157,1.4038329804218526,3.555585951455157
16,320,1.0,3,89,334.83413643349763,0.3662166931093793,0.457970516135775,-0.3662166931093793
16,320,1.0,3,233,327.23199737204936,-1.5730404434149534,0.9149786114815615,1.5730404434149534
16,320,1.0,4,174,306.87883635720755,-5.054996317985314,0.8416865215081226,5.054996317985314
16,320,1.0,4,232,319.69502583767814,2.1236437303370224,0.6348316917104795,-2.1236437303370224
16,320,1.0,4,15,287.71298011890286,-0.16672938766382117,0.08927611778920941,0.16672938766382117
16,320,1.0,4,85,323.13702100197463,-1.3653339501914274,1.1031071586629153,1.3653339501914274
16,320,1.0,4,265,287.75182154661917,0.944817439949702,0.3903678592514126,-0.944817439949702
16,320,1.0,4,31,294.0568186132863,-1.0718376223752273,0.6009366520787598,1.0718376223752273
16,320,1.0,4,249,290.9804816214154,-1.3188781075030533,1.357367967564295,1.3188781075030533
16,320,1.0,4,90,331.20979508165556,2.518902434484886,1.3303154107554898,-2.518902434484886
16,320,1.0,4,124,309.07856454173987,0.05165103307103891,0.20727318156329066,-0.05165103307103891
16,320,1.0,4,186,317.6440184283563,-1.7600440074538994,0.44207499622431357,1.7600440074538994
16,320,1.0,4,82,320.48484413394067,-0.10361819426807983,0.1878336661378497,0.10361819426807983
16,320,1.0,4,95,325.70474976425464,-0.1672407561848388,1.0863968073878687,0.1672407561848388
16,320,1.0,4,287,307.31198513299523,-0.10866342396971618,0.12404376459491395,0.10866342396971618
16,320,1.0,4,40,298.195546946705,-3.7478069201805795,0.9503188029505807,3.7478069201805795
16,320,1.0,4,105,268.2878738904368,-1.385336607795324,0.6082253654736203,1.385336607795324
16,320,1.0,4,175,312.43446660012637,-3.8084624376789975,1.2728854308805566,3.8084624376789975
16,320,1.0,4,261,313.0075781125889,-0.46561648625490193,0.12139816374655688,0.46561648625490193
16,320,1.0,4,150,271.96497881509464,-0.009056459291770125,0.051791825908704237,0.009056459291770125
16,320,1.0,4,151,315.702558272198,-0.07951078878124918,0.1286174617100606,0.07951078878124918
16,320,1.0,4,95,325.70474976425464,-0.1672407561848388,1.0863968073878687,0.1672407561848388
16,320,1.0,5,319,278.632027372552,-0.34154443516715105,0.9439101026204644,0.34154443516715105
16,320,1.0,5,285,301.98412737040917,-1.6790467763004813,0.37710335528640027,1.6790467763004813
16,320,1.0,5,82,287.6686516827399,0.38082109611494275,0.12897088543348234,-0.38082109611494275
16,320,1.0,5,144,282.96932888354013,0.016160713455491305,0.6826578329329092,-0.016160713455491305
16,320,1.0,5,314,325.18549615493487,-0.0904762968743853,0.3965345724210856,0.0904762968743853
16,320,1.0,5,267,329.57945384206994,0.06648485056089726,0.47420819082655186,-0.06648485056089726
16,320,1.0,5,130,275.2530080249762,-0.5029306462763827,0.3891781078946006,0.5029306462763827
16,320,1.0,5,252,291.19621076015875,-0.02907439939585288,0.042029648289062305,0.02907439939585288
16,320,1.0,5,240,298.6825450896215,-0.17461748849495962,1.32937681325918,0.17461748849495962
16,320,1.0,5,39,386.5180863446493,-0.10902532953898003,0.06734809270654196,0.10902532953898003
16,320,1.0,5,294,299.532269983842,-1.3738496527049335,0.7962979603103233,1.3738496527049335
16,320,1.0,5,28,298.35809434152895,1.9485512193793113,2.0970136295204647,-1.9485512193793113
16,320,1.0,5,187,300.51653895132074,-1.409154621193835,1.0386084671757463,1.409154621193835
16,320,1.0,5,288,301.0048422020835,2.277808568778113,1.7811772714785574,-2.277808568778113
16,320,1.0,5,34,297.9268702961103,-0.24308389609447545,0.17702364334129816,0.24308389609447545
16,320,1.0,5,257,289.9509988188605,0.8350280505479475,0.8815026778736317,-0.8350280505479475
16,320,1.0,5,35,326.9181709661973,0.07653458948146863,0.4902651721010236,-0.07653458948146863
16,320,1.0,5,226,314.6028649837334,-0.6098189802634408,0.7484155042224683,0.6098189802634408
16,320,1.0,5,296,330.0343411549341,-0.5592983303472465,0.20420105839069302,0.5592983303472465
16,320,1.0,5,34,297.9268702961103,-0.24308389609447545,0.17702364334129816,0.24308389609447545
